0.00853467,-0.00541676,0.00834196,0.00692786,0.0069283,0.00692795,0.999928
0.0144686,-0.0136003,0.0137377,0.0124694,0.0124703,0.0124696,0.999767
0.0177622,-0.0245487,0.0162246,0.0166249,0.0166262,0.0166251,0.999585
0.0183774,-0.0382622,0.0158412,0.0193946,0.0193964,0.019395,0.999436
0.0162765,-0.0547425,0.012627,0.0207792,0.0207814,0.0207797,0.999352
0.0114227,-0.0739926,0.00662157,0.0207791,0.0207817,0.0207796,0.999352
0.00377921,-0.0960156,-0.00213519,0.0193941,0.0193972,0.0193947,0.999436
-0.00669086,-0.120814,-0.0136035,0.016624,0.0166275,0.0166247,0.999585
-0.020025,-0.14839,-0.0277442,0.0124682,0.0124722,0.0124691,0.999767
-0.0362615,-0.178744,-0.0445186,0.00692622,0.00693066,0.00692724,0.999928
-0.0554398,-0.211874,-0.0638892,-2.01711e-06,2.87475e-06,-8.57704e-07,1
-0.0738911,-0.241791,-0.0821807,-0.00693022,-0.00692495,-0.00692894,0.999928
-0.0917118,-0.269028,-0.0996016,-0.0138574,-0.0138518,-0.013856,0.999712
-0.108986,-0.294029,-0.11632,-0.0207826,-0.0207767,-0.0207811,0.999352
-0.125786,-0.317164,-0.132474,-0.0277047,-0.0276987,-0.0277031,0.998848
-0.142178,-0.338745,-0.148172,-0.0346229,-0.0346166,-0.0346212,0.998201
-0.158214,-0.359029,-0.163503,-0.0415361,-0.0415296,-0.0415343,0.997409
-0.173945,-0.378233,-0.17854,-0.0484432,-0.0484367,-0.0484413,0.996474
-0.189412,-0.396538,-0.193341,-0.0553434,-0.0553367,-0.0553414,0.995396
-0.204651,-0.414092,-0.207951,-0.0622356,-0.0622288,-0.0622336,0.994174
-0.219694,-0.431023,-0.22241,-0.0691189,-0.069112,-0.0691167,0.992809
-0.234568,-0.447434,-0.236746,-0.0759922,-0.0759852,-0.0759899,0.991301
-0.249296,-0.463413,-0.250985,-0.0828545,-0.0828475,-0.0828522,0.98965
-0.263899,-0.479032,-0.265146,-0.0897049,-0.0896979,-0.0897025,0.987857
-0.278395,-0.494353,-0.279245,-0.0965424,-0.0965353,-0.0965399,0.985921
-0.292798,-0.509424,-0.293294,-0.103366,-0.103359,-0.103363,0.983844
-0.307122,-0.524289,-0.307303,-0.110175,-0.110168,-0.110172,0.981625
-0.321378,-0.538982,-0.32128,-0.116968,-0.11696,-0.116965,0.979264
-0.335576,-0.553532,-0.335232,-0.123744,-0.123736,-0.123741,0.976763
-0.349724,-0.567964,-0.349165,-0.130502,-0.130494,-0.130499,0.97412
-0.363828,-0.582297,-0.363081,-0.137241,-0.137234,-0.137238,0.971338
-0.377897,-0.596549,-0.376985,-0.143961,-0.143953,-0.143958,0.968416
-0.391934,-0.610732,-0.390879,-0.15066,-0.150652,-0.150656,0.965354
-0.405944,-0.62486,-0.404764,-0.157337,-0.157329,-0.157334,0.962153
-0.419932,-0.638941,-0.418644,-0.163991,-0.163984,-0.163988,0.958814
-0.4339,-0.652983,-0.432519,-0.170622,-0.170615,-0.170619,0.955336
-0.447851,-0.666993,-0.446389,-0.177229,-0.177221,-0.177225,0.951722
-0.461788,-0.680977,-0.460257,-0.183809,-0.183802,-0.183806,0.94797
-0.475713,-0.694939,-0.474122,-0.190364,-0.190356,-0.19036,0.944081
-0.489628,-0.708882,-0.487985,-0.196891,-0.196883,-0.196887,0.940057
-0.503534,-0.72281,-0.501847,-0.203389,-0.203382,-0.203386,0.935897
-0.517433,-0.736726,-0.515708,-0.209859,-0.209851,-0.209855,0.931602
-0.531325,-0.750631,-0.529568,-0.216298,-0.21629,-0.216294,0.927174
-0.545211,-0.764528,-0.543426,-0.222706,-0.222698,-0.222702,0.922611
-0.559094,-0.778418,-0.557285,-0.229082,-0.229074,-0.229077,0.917916
-0.572972,-0.792302,-0.571143,-0.235424,-0.235417,-0.23542,0.913089
-0.586847,-0.806181,-0.585,-0.241733,-0.241726,-0.241729,0.90813
-0.600719,-0.820057,-0.598858,-0.248008,-0.248,-0.248003,0.903041
-0.614589,-0.833928,-0.612715,-0.254246,-0.254239,-0.254242,0.897821
-0.628456,-0.847798,-0.626572,-0.260448,-0.260441,-0.260444,0.892472
-0.642322,-0.861665,-0.640429,-0.266612,-0.266605,-0.266608,0.886995
-0.656187,-0.87553,-0.654285,-0.272738,-0.272731,-0.272734,0.88139
-0.67005,-0.889393,-0.668142,-0.278825,-0.278818,-0.27882,0.875658
-0.683912,-0.903256,-0.681998,-0.284871,-0.284864,-0.284867,0.8698
-0.697774,-0.917117,-0.695855,-0.290877,-0.29087,-0.290872,0.863816
-0.711634,-0.930977,-0.709711,-0.296841,-0.296833,-0.296836,0.857709
-0.725494,-0.944837,-0.723568,-0.302761,-0.302754,-0.302757,0.851477
-0.739354,-0.958696,-0.737424,-0.308639,-0.308632,-0.308634,0.845124
-0.753213,-0.972555,-0.75128,-0.314472,-0.314464,-0.314467,0.838648
-0.767071,-0.986413,-0.765137,-0.320259,-0.320252,-0.320254,0.832052
-0.78093,-1.00027,-0.778993,-0.326001,-0.325993,-0.325995,0.825336
-0.794788,-1.01413,-0.792849,-0.331695,-0.331688,-0.33169,0.818501
-0.808645,-1.02799,-0.806706,-0.337342,-0.337335,-0.337337,0.811548
-0.822503,-1.04184,-0.820562,-0.34294,-0.342933,-0.342935,0.804478
-0.836361,-1.0557,-0.834418,-0.348489,-0.348482,-0.348483,0.797293
-0.850218,-1.06956,-0.848274,-0.353987,-0.35398,-0.353982,0.789992
-0.864075,-1.08341,-0.862131,-0.359435,-0.359428,-0.359429,0.782578
-0.877932,-1.09727,-0.875987,-0.364831,-0.364824,-0.364825,0.775051
-0.891789,-1.11113,-0.889843,-0.370174,-0.370167,-0.370169,0.767413
-0.905646,-1.12498,-0.903699,-0.375464,-0.375457,-0.375458,0.759664
-0.919503,-1.13884,-0.917556,-0.3807,-0.380693,-0.380694,0.751806
-0.93336,-1.1527,-0.931412,-0.385881,-0.385874,-0.385875,0.743839
-0.947216,-1.16655,-0.945268,-0.391007,-0.391,-0.391001,0.735766
-0.961073,-1.18041,-0.959124,-0.396076,-0.396069,-0.39607,0.727586
-0.97493,-1.19427,-0.972981,-0.401088,-0.401082,-0.401082,0.719302
-0.988787,-1.20812,-0.986837,-0.406043,-0.406036,-0.406037,0.710914
-1.00264,-1.22198,-1.00069,-0.410939,-0.410932,-0.410933,0.702423
-1.0165,-1.23584,-1.01455,-0.415776,-0.415769,-0.41577,0.693832
-1.03036,-1.24969,-1.02841,-0.420553,-0.420546,-0.420546,0.68514
-1.04421,-1.26355,-1.04226,-0.425269,-0.425262,-0.425263,0.67635
-1.05807,-1.27741,-1.05612,-0.429924,-0.429918,-0.429918,0.667463
-1.07193,-1.29126,-1.06997,-0.434517,-0.434511,-0.434511,0.658479
-1.08578,-1.30512,-1.08383,-0.439048,-0.439042,-0.439042,0.649401
-1.09964,-1.31898,-1.09769,-0.443516,-0.443509,-0.443509,0.640229
-1.1135,-1.33283,-1.11154,-0.447919,-0.447913,-0.447913,0.630965
-1.12735,-1.34669,-1.1254,-0.452258,-0.452252,-0.452252,0.62161
-1.14121,-1.36054,-1.13926,-0.456532,-0.456526,-0.456526,0.612166
-1.15507,-1.3744,-1.15311,-0.46074,-0.460734,-0.460734,0.602633
-1.16892,-1.38826,-1.16697,-0.464882,-0.464876,-0.464876,0.593014
-1.18278,-1.40211,-1.18082,-0.468957,-0.468951,-0.468951,0.583309
-1.19664,-1.41597,-1.19468,-0.472965,-0.472959,-0.472958,0.57352
-1.21049,-1.42983,-1.20854,-0.476904,-0.476898,-0.476897,0.563649
-1.22435,-1.44368,-1.22239,-0.480775,-0.480769,-0.480768,0.553696
-1.23821,-1.45754,-1.23625,-0.484576,-0.48457,-0.484569,0.543664
-1.25206,-1.4714,-1.2501,-0.488308,-0.488302,-0.488301,0.533553
-1.26592,-1.48525,-1.26396,-0.491969,-0.491963,-0.491962,0.523366
-1.27978,-1.49911,-1.27782,-0.495559,-0.495554,-0.495553,0.513103
-1.29363,-1.51297,-1.29167,-0.499079,-0.499073,-0.499072,0.502767
-1.30749,-1.52682,-1.30553,-0.502526,-0.50252,-0.502519,0.492358
-1.32134,-1.54068,-1.31939,-0.505901,-0.505895,-0.505894,0.481878
-1.3352,-1.55454,-1.33324,-0.509203,-0.509197,-0.509196,0.471328
-1.34906,-1.56839,-1.3471,-0.512431,-0.512426,-0.512424,0.460711
-1.36291,-1.58225,-1.36095,-0.515586,-0.515581,-0.515579,0.450028
-1.37677,-1.5961,-1.37481,-0.518667,-0.518662,-0.51866,0.439279
-1.39063,-1.60996,-1.38867,-0.521673,-0.521668,-0.521666,0.428468
-1.40448,-1.62382,-1.40252,-0.524604,-0.524599,-0.524597,0.417595
-1.41834,-1.63767,-1.41638,-0.527459,-0.527454,-0.527452,0.406661
-1.4322,-1.65153,-1.43024,-0.530239,-0.530234,-0.530231,0.395669
-1.44605,-1.66539,-1.44409,-0.532942,-0.532937,-0.532934,0.38462
-1.45991,-1.67924,-1.45795,-0.535568,-0.535563,-0.535561,0.373516
-1.47377,-1.6931,-1.4718,-0.538117,-0.538112,-0.53811,0.362358
-1.48762,-1.70696,-1.48566,-0.540589,-0.540584,-0.540581,0.351147
-1.50148,-1.72081,-1.49952,-0.542983,-0.542978,-0.542975,0.339887
-1.51534,-1.73467,-1.51337,-0.545298,-0.545294,-0.545291,0.328577
-1.52919,-1.74853,-1.52723,-0.547535,-0.547531,-0.547528,0.31722
-1.54305,-1.76238,-1.54109,-0.549694,-0.549689,-0.549686,0.305817
-1.55691,-1.77624,-1.55494,-0.551773,-0.551768,-0.551765,0.29437
-1.57076,-1.79009,-1.5688,-0.553772,-0.553768,-0.553765,0.282881
-1.58462,-1.80395,-1.58265,-0.555692,-0.555688,-0.555685,0.271351
-1.59848,-1.81781,-1.59651,-0.557532,-0.557528,-0.557525,0.259782
-1.61233,-1.83166,-1.61037,-0.559292,-0.559288,-0.559284,0.248175
-1.62619,-1.84552,-1.62422,-0.560971,-0.560967,-0.560963,0.236533
-1.64005,-1.85938,-1.63808,-0.562569,-0.562565,-0.562562,0.224857
-1.6539,-1.87323,-1.65194,-0.564086,-0.564082,-0.564079,0.213148
-1.66776,-1.88709,-1.66579,-0.565523,-0.565519,-0.565515,0.201409
-1.68162,-1.90095,-1.67965,-0.566877,-0.566873,-0.56687,0.189641
-1.69547,-1.9148,-1.6935,-0.56815,-0.568146,-0.568143,0.177845
-1.70933,-1.92866,-1.70736,-0.569341,-0.569338,-0.569334,0.166024
-1.72319,-1.94252,-1.72122,-0.570451,-0.570447,-0.570443,0.154179
-1.73704,-1.95637,-1.73507,-0.571478,-0.571474,-0.57147,0.142312
-1.7509,-1.97023,-1.74893,-0.572422,-0.572419,-0.572415,0.130424
-1.76475,-1.98408,-1.76278,-0.573285,-0.573281,-0.573277,0.118517
-1.77861,-1.99794,-1.77664,-0.574064,-0.574061,-0.574057,0.106593
-1.79247,-2.0118,-1.7905,-0.574762,-0.574758,-0.574754,0.0946544
-1.80632,-2.02565,-1.80435,-0.575376,-0.575373,-0.575369,0.0827018
-1.82018,-2.03951,-1.81821,-0.575907,-0.575904,-0.5759,0.0707372
-1.83404,-2.05337,-1.83207,-0.576356,-0.576353,-0.576349,0.0587625
-1.84789,-2.06722,-1.84592,-0.576722,-0.576719,-0.576714,0.0467792
-1.86175,-2.08108,-1.85978,-0.577004,-0.577001,-0.576997,0.0347893
-1.87561,-2.09494,-1.87363,-0.577204,-0.577201,-0.577196,0.0227944
-1.88946,-2.10879,-1.88749,-0.57732,-0.577317,-0.577313,0.0107961
-1.90332,-2.12265,-1.90135,-0.577353,-0.577351,-0.577346,-0.00120367
-1.91718,-2.13651,-1.9152,-0.577303,-0.577301,-0.577296,-0.0132033
-1.93103,-2.15036,-1.92906,-0.57717,-0.577168,-0.577163,-0.025201
-1.94489,-2.16422,-1.94292,-0.576954,-0.576952,-0.576947,-0.0371951
-1.95875,-2.17808,-1.95677,-0.576655,-0.576652,-0.576647,-0.0491838
-1.9726,-2.19193,-1.97063,-0.576272,-0.57627,-0.576265,-0.0611655
-1.98646,-2.20579,-1.98448,-0.575807,-0.575805,-0.5758,-0.0731383
-2.00032,-2.21964,-1.99834,-0.575259,-0.575257,-0.575252,-0.0851006
-2.01417,-2.2335,-2.0122,-0.574628,-0.574626,-0.574621,-0.0970507
-2.02803,-2.24736,-2.02605,-0.573914,-0.573912,-0.573907,-0.108987
-2.04189,-2.26121,-2.03991,-0.573118,-0.573116,-0.573111,-0.120907
-2.05574,-2.27507,-2.05377,-0.572239,-0.572237,-0.572232,-0.13281
-2.0696,-2.28893,-2.06762,-0.571277,-0.571276,-0.57127,-0.144694
-2.08346,-2.30278,-2.08148,-0.570234,-0.570232,-0.570227,-0.156557
-2.09731,-2.31664,-2.09533,-0.569108,-0.569107,-0.569101,-0.168397
-2.11117,-2.3305,-2.10919,-0.5679,-0.567899,-0.567893,-0.180214
-2.12503,-2.34435,-2.12305,-0.566611,-0.56661,-0.566604,-0.192004
-2.13888,-2.35821,-2.1369,-0.56524,-0.565239,-0.565233,-0.203767
-2.15274,-2.37207,-2.15076,-0.563787,-0.563786,-0.563781,-0.2155
-2.1666,-2.38592,-2.16462,-0.562254,-0.562253,-0.562247,-0.227202
-2.18045,-2.39978,-2.17847,-0.560639,-0.560638,-0.560632,-0.238872
-2.19431,-2.41363,-2.19233,-0.558944,-0.558943,-0.558937,-0.250507
-2.20816,-2.42749,-2.20618,-0.557168,-0.557167,-0.557161,-0.262106
-2.22202,-2.44135,-2.22004,-0.555312,-0.555311,-0.555305,-0.273667
-2.23588,-2.4552,-2.2339,-0.553376,-0.553376,-0.553369,-0.285189
-2.24973,-2.46906,-2.24775,-0.55136,-0.55136,-0.551354,-0.29667
-2.26359,-2.48292,-2.26161,-0.549265,-0.549265,-0.549259,-0.308108
-2.27745,-2.49677,-2.27546,-0.547091,-0.547091,-0.547085,-0.319502
-2.2913,-2.51063,-2.28932,-0.544838,-0.544838,-0.544832,-0.33085
-2.30516,-2.52449,-2.30318,-0.542507,-0.542507,-0.5425,-0.34215
-2.31902,-2.53834,-2.31703,-0.540097,-0.540097,-0.540091,-0.3534
-2.33287,-2.5522,-2.33089,-0.53761,-0.53761,-0.537604,-0.3646
-2.34673,-2.56606,-2.34475,-0.535045,-0.535045,-0.535039,-0.375748
-2.36059,-2.57991,-2.3586,-0.532403,-0.532404,-0.532397,-0.386841
-2.37444,-2.59377,-2.37246,-0.529685,-0.529685,-0.529679,-0.397879
-2.3883,-2.60762,-2.38631,-0.52689,-0.526891,-0.526884,-0.408859
-2.40216,-2.62148,-2.40017,-0.52402,-0.52402,-0.524014,-0.419781
-2.41601,-2.63534,-2.41403,-0.521074,-0.521074,-0.521068,-0.430642
-2.42987,-2.64919,-2.42788,-0.518053,-0.518053,-0.518047,-0.441441
-2.44373,-2.66305,-2.44174,-0.514957,-0.514958,-0.514951,-0.452176
-2.45758,-2.67691,-2.4556,-0.511787,-0.511788,-0.511781,-0.462846
-2.47144,-2.69076,-2.46945,-0.508544,-0.508545,-0.508538,-0.47345
-2.4853,-2.70462,-2.48331,-0.505227,-0.505228,-0.505221,-0.483986
-2.49915,-2.71848,-2.49716,-0.501837,-0.501839,-0.501832,-0.494451
-2.51301,-2.73233,-2.51102,-0.498376,-0.498377,-0.49837,-0.504846
-2.52687,-2.74619,-2.52488,-0.494842,-0.494843,-0.494836,-0.515168
-2.54072,-2.76005,-2.53873,-0.491237,-0.491239,-0.491232,-0.525416
-2.55458,-2.7739,-2.55259,-0.487562,-0.487563,-0.487556,-0.535588
-2.56844,-2.78776,-2.56645,-0.483816,-0.483818,-0.483811,-0.545683
-2.58229,-2.80161,-2.5803,-0.480001,-0.480002,-0.479995,-0.555699
-2.59615,-2.81547,-2.59416,-0.476116,-0.476118,-0.476111,-0.565635
-2.61001,-2.82933,-2.60801,-0.472163,-0.472165,-0.472158,-0.57549
-2.62386,-2.84318,-2.62187,-0.468142,-0.468144,-0.468137,-0.585262
-2.63772,-2.85704,-2.63573,-0.464054,-0.464056,-0.464048,-0.59495
-2.65157,-2.8709,-2.64958,-0.459898,-0.4599,-0.459893,-0.604552
-2.66543,-2.88475,-2.66344,-0.455677,-0.455679,-0.455672,-0.614067
-2.67929,-2.89861,-2.6773,-0.45139,-0.451392,-0.451385,-0.623494
-2.69314,-2.91247,-2.69115,-0.447037,-0.44704,-0.447033,-0.632831
-2.707,-2.92632,-2.70501,-0.442621,-0.442623,-0.442616,-0.642076
-2.72086,-2.94018,-2.71886,-0.438141,-0.438143,-0.438136,-0.65123
-2.73471,-2.95404,-2.73272,-0.433597,-0.4336,-0.433593,-0.660289
-2.74857,-2.96789,-2.74658,-0.428992,-0.428994,-0.428987,-0.669254
-2.76243,-2.98175,-2.76043,-0.424324,-0.424327,-0.42432,-0.678122
-2.77628,-2.99561,-2.77429,-0.419595,-0.419598,-0.419591,-0.686892
-2.79014,-3.00946,-2.78814,-0.414806,-0.414809,-0.414802,-0.695563
-2.804,-3.02332,-2.802,-0.409957,-0.409961,-0.409953,-0.704135
-2.81785,-3.03717,-2.81586,-0.40505,-0.405053,-0.405045,-0.712605
-2.83171,-3.05103,-2.82971,-0.400083,-0.400087,-0.400079,-0.720972
-2.84557,-3.06489,-2.84357,-0.39506,-0.395063,-0.395056,-0.729235
-2.85942,-3.07874,-2.85743,-0.389979,-0.389982,-0.389975,-0.737394
-2.87328,-3.0926,-2.87128,-0.384842,-0.384846,-0.384838,-0.745446
-2.88714,-3.10646,-2.88514,-0.37965,-0.379654,-0.379646,-0.753391
-2.90099,-3.12031,-2.89899,-0.374403,-0.374407,-0.374399,-0.761227
-2.91485,-3.13417,-2.91285,-0.369102,-0.369106,-0.369099,-0.768954
-2.92871,-3.14803,-2.92671,-0.363748,-0.363752,-0.363745,-0.77657
-2.94256,-3.16188,-2.94056,-0.358342,-0.358346,-0.358338,-0.784075
-2.95642,-3.17574,-2.95442,-0.352884,-0.352888,-0.352881,-0.791466
-2.97028,-3.1896,-2.96828,-0.347375,-0.347379,-0.347372,-0.798743
-2.98413,-3.20345,-2.98213,-0.341816,-0.341821,-0.341813,-0.805906
-2.99799,-3.21731,-2.99599,-0.336208,-0.336213,-0.336205,-0.812952
-3.01185,-3.23116,-3.00984,-0.330552,-0.330556,-0.330549,-0.819881
-3.0257,-3.24502,-3.0237,-0.324848,-0.324852,-0.324845,-0.826693
-3.03956,-3.25888,-3.03756,-0.319097,-0.319102,-0.319094,-0.833385
-3.05342,-3.27273,-3.05141,-0.3133,-0.313305,-0.313298,-0.839957
-3.06727,-3.28659,-3.06527,-0.307459,-0.307463,-0.307456,-0.846408
-3.08113,-3.30045,-3.07913,-0.301572,-0.301577,-0.30157,-0.852737
-3.09498,-3.3143,-3.09298,-0.295643,-0.295648,-0.29564,-0.858944
-3.10884,-3.32816,-3.10684,-0.289671,-0.289676,-0.289668,-0.865027
-3.1227,-3.34202,-3.12069,-0.283657,-0.283662,-0.283654,-0.870985
-3.13655,-3.35587,-3.13455,-0.277602,-0.277607,-0.2776,-0.876818
-3.15041,-3.36973,-3.14841,-0.271508,-0.271513,-0.271505,-0.882524
-3.16427,-3.38359,-3.16226,-0.265374,-0.265379,-0.265372,-0.888104
-3.17812,-3.39744,-3.17612,-0.259202,-0.259207,-0.2592,-0.893556
-3.19198,-3.4113,-3.18997,-0.252993,-0.252998,-0.25299,-0.898879
-3.20584,-3.42515,-3.20383,-0.246747,-0.246752,-0.246745,-0.904072
-3.21969,-3.43901,-3.21769,-0.240466,-0.240471,-0.240464,-0.909135
-3.23355,-3.45287,-3.23154,-0.23415,-0.234155,-0.234148,-0.914068
-3.24741,-3.46672,-3.2454,-0.2278,-0.227805,-0.227798,-0.918869
-3.26126,-3.48058,-3.25926,-0.221418,-0.221423,-0.221416,-0.923537
-3.27512,-3.49444,-3.27311,-0.215003,-0.215009,-0.215002,-0.928073
-3.28898,-3.50829,-3.28697,-0.208558,-0.208564,-0.208557,-0.932475
-3.30283,-3.52215,-3.30082,-0.202083,-0.202088,-0.202081,-0.936742
-3.31669,-3.53601,-3.31468,-0.195578,-0.195584,-0.195577,-0.940875
-3.33055,-3.54986,-3.32854,-0.189046,-0.189052,-0.189045,-0.944872
-3.3444,-3.56372,-3.34239,-0.182486,-0.182492,-0.182485,-0.948733
-3.35826,-3.57758,-3.35625,-0.1759,-0.175906,-0.175899,-0.952458
-3.37212,-3.59143,-3.37011,-0.169289,-0.169295,-0.169288,-0.956045
-3.38597,-3.60529,-3.38396,-0.162653,-0.162659,-0.162652,-0.959495
-3.39983,-3.61915,-3.39782,-0.155994,-0.156,-0.155993,-0.962806
-3.41369,-3.633,-3.41167,-0.149312,-0.149318,-0.149311,-0.965979
-3.42754,-3.64686,-3.42553,-0.142609,-0.142615,-0.142608,-0.969013
-3.4414,-3.66071,-3.43939,-0.135885,-0.135891,-0.135885,-0.971907
-3.45526,-3.67457,-3.45324,-0.129142,-0.129148,-0.129142,-0.974662
-3.46911,-3.68843,-3.4671,-0.12238,-0.122387,-0.12238,-0.977276
-3.48297,-3.70228,-3.48096,-0.115601,-0.115607,-0.115601,-0.979749
-3.49683,-3.71614,-3.49481,-0.108805,-0.108811,-0.108805,-0.982081
-3.51068,-3.73,-3.50867,-0.101993,-0.101999,-0.101993,-0.984272
-3.52454,-3.74385,-3.52252,-0.0951665,-0.0951729,-0.0951665,-0.986321
-3.53839,-3.75771,-3.53638,-0.0883263,-0.0883328,-0.0883265,-0.988228
-3.55225,-3.77157,-3.55024,-0.0814734,-0.0814799,-0.0814737,-0.989992
-3.56611,-3.78542,-3.56409,-0.0746088,-0.0746154,-0.0746091,-0.991615
-3.57996,-3.79928,-3.57795,-0.0677335,-0.0677401,-0.0677339,-0.993094
-3.59382,-3.81314,-3.59181,-0.0608483,-0.060855,-0.0608488,-0.99443
-3.60768,-3.82699,-3.60566,-0.0539545,-0.0539611,-0.0539551,-0.995623
-3.62153,-3.84085,-3.61952,-0.0470528,-0.0470595,-0.0470535,-0.996673
-3.63539,-3.8547,-3.63337,-0.0401444,-0.0401512,-0.0401452,-0.997579
-3.64925,-3.86856,-3.64723,-0.0332302,-0.033237,-0.0332311,-0.998342
-3.6631,-3.88242,-3.66109,-0.0263112,-0.026318,-0.0263122,-0.998961
-3.67696,-3.89627,-3.67494,-0.0193885,-0.0193953,-0.0193895,-0.999436
-3.69082,-3.91013,-3.6888,-0.0124629,-0.0124698,-0.012464,-0.999767
-3.70467,-3.92399,-3.70265,-0.00553553,-0.00554245,-0.00553673,-0.999954
-3.71853,-3.93784,-3.71651,0.00139263,0.00138568,0.00139134,-0.999997
-3.73239,-3.9517,-3.73037,0.00832058,0.0083136,0.0083192,-0.999896
-3.74624,-3.96556,-3.74422,0.0152473,0.0152403,0.0152459,-0.999651
-3.7601,-3.97941,-3.75808,0.0221719,0.0221649,0.0221704,-0.999263
-3.77396,-3.99327,-3.77194,0.0290933,0.0290862,0.0290916,-0.99873
-3.78781,-4.00713,-3.78579,0.0360105,0.0360034,0.0360087,-0.998053
-3.80167,-4.02098,-3.79965,0.0429224,0.0429153,0.0429206,-0.997233
-3.81553,-4.03484,-3.8135,0.0498283,0.0498211,0.0498264,-0.996269
-3.82938,-4.04869,-3.82736,0.0567269,0.0567197,0.0567249,-0.995162
-3.84324,-4.06255,-3.84122,0.0636174,0.0636102,0.0636153,-0.993911
-3.8571,-4.07641,-3.85507,0.0704987,0.0704915,0.0704965,-0.992518
-3.87095,-4.09026,-3.86893,0.0773698,0.0773626,0.0773676,-0.990981
-3.88481,-4.10412,-3.88279,0.0842299,0.0842226,0.0842275,-0.989302
-3.89867,-4.11798,-3.89664,0.0910777,0.0910705,0.0910753,-0.98748
-3.91252,-4.13183,-3.9105,0.0979125,0.0979052,0.09791,-0.985516
-3.92638,-4.14569,-3.92435,0.104733,0.104726,0.104731,-0.98341
-3.94024,-4.15955,-3.93821,0.111539,0.111531,0.111536,-0.981162
-3.95409,-4.1734,-3.95207,0.118328,0.118321,0.118326,-0.978774
-3.96795,-4.18726,-3.96592,0.125101,0.125093,0.125098,-0.976244
-3.98181,-4.20112,-3.97978,0.131855,0.131848,0.131852,-0.973573
-3.99566,-4.21497,-3.99364,0.138591,0.138583,0.138588,-0.970763
-4.00952,-4.22883,-4.00749,0.145306,0.145299,0.145303,-0.967813
-4.02337,-4.24268,-4.02135,0.152001,0.151994,0.151998,-0.964723
-4.03723,-4.25654,-4.0352,0.158674,0.158666,0.15867,-0.961494
-4.05109,-4.2704,-4.04906,0.165324,0.165316,0.16532,-0.958127
-4.06494,-4.28425,-4.06292,0.17195,0.171942,0.171946,-0.954622
-4.0788,-4.29811,-4.07677,0.178551,0.178543,0.178547,-0.95098
-4.09266,-4.31197,-4.09063,0.185126,0.185119,0.185123,-0.9472
-4.10651,-4.32582,-4.10449,0.191675,0.191668,0.191672,-0.943285
-4.12037,-4.33968,-4.11834,0.198197,0.198189,0.198193,-0.939233
-4.13423,-4.35354,-4.1322,0.20469,0.204682,0.204686,-0.935046
-4.14808,-4.36739,-4.14605,0.211153,0.211145,0.211149,-0.930725
-4.16194,-4.38125,-4.15991,0.217586,0.217578,0.217582,-0.926269
-4.1758,-4.39511,-4.17377,0.223987,0.22398,0.223983,-0.92168
-4.18965,-4.40896,-4.18762,0.230357,0.230349,0.230353,-0.916958
-4.20351,-4.42282,-4.20148,0.236693,0.236685,0.236689,-0.912105
-4.21737,-4.43668,-4.21533,0.242995,0.242988,0.242991,-0.90712
-4.23122,-4.45053,-4.22919,0.249262,0.249255,0.249258,-0.902004
-4.24508,-4.46439,-4.24305,0.255493,0.255486,0.255489,-0.896758
-4.25894,-4.47824,-4.2569,0.261688,0.26168,0.261683,-0.891384
-4.27279,-4.4921,-4.27076,0.267844,0.267837,0.26784,-0.885881
-4.28665,-4.50596,-4.28462,0.273962,0.273955,0.273958,-0.88025
-4.30051,-4.51981,-4.29847,0.280041,0.280034,0.280037,-0.874493
-4.31436,-4.53367,-4.31233,0.28608,0.286072,0.286075,-0.868609
-4.32822,-4.54753,-4.32618,0.292077,0.292069,0.292072,-0.862601
-4.34208,-4.56138,-4.34004,0.298032,0.298025,0.298027,-0.856468
-4.35593,-4.57524,-4.3539,0.303944,0.303937,0.303939,-0.850213
-4.36979,-4.5891,-4.36775,0.309812,0.309805,0.309807,-0.843834
-4.38365,-4.60295,-4.38161,0.315636,0.315629,0.315631,-0.837334
-4.3975,-4.61681,-4.39547,0.321415,0.321407,0.32141,-0.830714
-4.41136,-4.63067,-4.40932,0.327147,0.32714,0.327142,-0.823974
-4.42522,-4.64452,-4.42318,0.332832,0.332825,0.332827,-0.817115
-4.43907,-4.65838,-4.43703,0.338469,0.338462,0.338464,-0.810139
-4.45293,-4.67223,-4.45089,0.344057,0.34405,0.344052,-0.803046
-4.46678,-4.68609,-4.46475,0.349596,0.349589,0.34959,-0.795837
-4.48064,-4.69995,-4.4786,0.355084,0.355077,0.355079,-0.788514
-4.4945,-4.7138,-4.49246,0.360522,0.360515,0.360516,-0.781077
-4.50835,-4.72766,-4.50632,0.365907,0.3659,0.365901,-0.773528
-4.52221,-4.74152,-4.52017,0.37124,0.371233,0.371234,-0.765867
-4.53607,-4.75537,-4.53403,0.376519,0.376512,0.376513,-0.758096
-4.54992,-4.76923,-4.54788,0.381744,0.381737,0.381738,-0.750216
-4.56378,-4.78309,-4.56174,0.386914,0.386907,0.386908,-0.742228
-4.57764,-4.79694,-4.5756,0.392028,0.392022,0.392022,-0.734133
-4.59149,-4.8108,-4.58945,0.397086,0.397079,0.39708,-0.725932
-4.60535,-4.82466,-4.60331,0.402087,0.40208,0.402081,-0.717627
-4.61921,-4.83851,-4.61716,0.40703,0.407023,0.407024,-0.709218
-4.63306,-4.85237,-4.63102,0.411914,0.411907,0.411908,-0.700708
-4.64692,-4.86622,-4.64488,0.416739,0.416732,0.416733,-0.692096
-4.66078,-4.88008,-4.65873,0.421504,0.421497,0.421497,-0.683385
-4.67463,-4.89394,-4.67259,0.426208,0.426201,0.426202,-0.674575
-4.68849,-4.90779,-4.68645,0.430851,0.430844,0.430844,-0.665668
-4.70235,-4.92165,-4.7003,0.435431,0.435425,0.435425,-0.656666
-4.7162,-4.93551,-4.71416,0.439949,0.439943,0.439943,-0.647568
-4.73006,-4.94936,-4.72801,0.444404,0.444398,0.444398,-0.638378
-4.74392,-4.96322,-4.74187,0.448795,0.448788,0.448788,-0.629095
-4.75777,-4.97708,-4.75573,0.453121,0.453115,0.453114,-0.619722
-4.77163,-4.99093,-4.76958,0.457382,0.457376,0.457375,-0.61026
-4.78549,-5.00479,-4.78344,0.461577,0.461571,0.46157,-0.60071
-4.79934,-5.01865,-4.7973,0.465705,0.465699,0.465699,-0.591073
-4.8132,-5.0325,-4.81115,0.469767,0.469761,0.46976,-0.581352
-4.82706,-5.04636,-4.82501,0.47376,0.473754,0.473754,-0.571546
-4.84091,-5.06021,-4.83886,0.477686,0.47768,0.477679,-0.561658
-4.85477,-5.07407,-4.85272,0.481543,0.481537,0.481536,-0.55169
-4.86863,-5.08793,-4.86658,0.48533,0.485324,0.485323,-0.541642
-4.88248,-5.10178,-4.88043,0.489048,0.489042,0.489041,-0.531516
-4.89634,-5.11564,-4.89429,0.492695,0.492689,0.492688,-0.521313
-4.91019,-5.1295,-4.90815,0.496271,0.496265,0.496264,-0.511035
-4.92405,-5.14335,-4.922,0.499776,0.49977,0.499769,-0.500684
-4.93791,-5.15721,-4.93586,0.503209,0.503203,0.503202,-0.490261
-4.95176,-5.17107,-4.94971,0.506569,0.506563,0.506562,-0.479767
-4.96562,-5.18492,-4.96357,0.509856,0.509851,0.509849,-0.469204
-4.97948,-5.19878,-4.97743,0.51307,0.513065,0.513063,-0.458573
-4.99333,-5.21264,-4.99128,0.51621,0.516205,0.516203,-0.447877
-5.00719,-5.22649,-5.00514,0.519276,0.519271,0.519269,-0.437115
-5.02105,-5.24035,-5.019,0.522267,0.522262,0.52226,-0.426291
-5.0349,-5.25421,-5.03285,0.525183,0.525178,0.525176,-0.415406
-5.04876,-5.26806,-5.04671,0.528023,0.528018,0.528016,-0.404461
-5.06262,-5.28192,-5.06056,0.530787,0.530782,0.53078,-0.393457
-5.07647,-5.29577,-5.07442,0.533475,0.53347,0.533467,-0.382397
-5.09033,-5.30963,-5.08828,0.536085,0.536081,0.536078,-0.371282
-5.10419,-5.32349,-5.10213,0.538619,0.538614,0.538612,-0.360113
-5.11804,-5.33734,-5.11599,0.541075,0.54107,0.541068,-0.348892
-5.1319,-5.3512,-5.12984,0.543453,0.543449,0.543446,-0.337622
-5.14576,-5.36506,-5.1437,0.545753,0.545749,0.545746,-0.326302
-5.15961,-5.37891,-5.15756,0.547975,0.54797,0.547967,-0.314936
-5.17347,-5.39277,-5.17141,0.550117,0.550112,0.55011,-0.303524
-5.18733,-5.40663,-5.18527,0.55218,0.552176,0.552173,-0.292069
-5.20118,-5.42048,-5.19913,0.554164,0.55416,0.554157,-0.280571
-5.21504,-5.43434,-5.21298,0.556068,0.556063,0.55606,-0.269033
-5.2289,-5.4482,-5.22684,0.557892,0.557887,0.557884,-0.257456
-5.24275,-5.46205,-5.24069,0.559635,0.559631,0.559628,-0.245843
-5.25661,-5.47591,-5.25455,0.561298,0.561294,0.561291,-0.234194
-5.27047,-5.48976,-5.26841,0.56288,0.562876,0.562873,-0.222511
-5.28432,-5.50362,-5.28226,0.564381,0.564377,0.564374,-0.210796
-5.29818,-5.51748,-5.29612,0.565801,0.565797,0.565793,-0.199051
-5.31204,-5.53133,-5.30998,0.567139,0.567135,0.567132,-0.187277
-5.32589,-5.54519,-5.32383,0.568396,0.568392,0.568388,-0.175476
-5.33975,-5.55905,-5.33769,0.56957,0.569567,0.569563,-0.16365
-5.3536,-5.5729,-5.35154,0.570663,0.57066,0.570656,-0.1518
-5.36746,-5.58676,-5.3654,0.571674,0.57167,0.571666,-0.139928
-5.38132,-5.60062,-5.37926,0.572602,0.572599,0.572595,-0.128037
-5.39517,-5.61447,-5.39311,0.573448,0.573444,0.57344,-0.116126
-5.40903,-5.62833,-5.40697,0.574211,0.574208,0.574204,-0.104199
-5.42289,-5.64219,-5.42083,0.574891,0.574888,0.574884,-0.0922576
-5.43674,-5.65604,-5.43468,0.575489,0.575486,0.575482,-0.0803024
-5.4506,-5.6699,-5.44854,0.576004,0.576001,0.575997,-0.0683357
-5.46446,-5.68375,-5.46239,0.576436,0.576433,0.576429,-0.0563591
-5.47831,-5.69761,-5.47625,0.576785,0.576782,0.576778,-0.0443744
-5.49217,-5.71147,-5.49011,0.577051,0.577048,0.577044,-0.0323833
-5.50603,-5.72532,-5.50396,0.577234,0.577231,0.577226,-0.0203876
-5.51988,-5.73918,-5.51782,0.577333,0.577331,0.577326,-0.00838888
-5.53374,-5.75304,-5.53168,0.57735,0.577347,0.577342,0.00361101
-5.5476,-5.76689,-5.54553,0.577283,0.577281,0.577276,0.0156104
-5.56145,-5.78075,-5.55939,0.577133,0.577131,0.577126,0.0276075
-5.57531,-5.79461,-5.57324,0.576901,0.576898,0.576893,0.0396007
-5.58917,-5.80846,-5.5871,0.576585,0.576582,0.576577,0.0515881
-5.60302,-5.82232,-5.60096,0.576186,0.576184,0.576178,0.0635681
-5.61688,-5.83618,-5.61481,0.575704,0.575702,0.575697,0.075539
-5.63074,-5.85003,-5.62867,0.575139,0.575137,0.575132,0.087499
-5.64459,-5.86389,-5.64252,0.574491,0.574489,0.574484,0.0994464
-5.65845,-5.87775,-5.65638,0.573761,0.573759,0.573754,0.111379
-5.67231,-5.8916,-5.67024,0.572948,0.572946,0.572941,0.123296
-5.68616,-5.90546,-5.68409,0.572052,0.572051,0.572045,0.135196
-5.70002,-5.91931,-5.69795,0.571075,0.571073,0.571068,0.147076
-5.71388,-5.93317,-5.71181,0.570014,0.570013,0.570007,0.158934
-5.72773,-5.94703,-5.72566,0.568872,0.568871,0.568865,0.17077
-5.74159,-5.96088,-5.73952,0.567648,0.567647,0.567641,0.182581
-5.75545,-5.97474,-5.75337,0.566342,0.566341,0.566335,0.194366
-5.7693,-5.9886,-5.76723,0.564955,0.564954,0.564948,0.206123
-5.78316,-6.00245,-5.78109,0.563486,0.563485,0.563479,0.21785
-5.79701,-6.01631,-5.79494,0.561936,0.561935,0.56193,0.229546
-5.81087,-6.03017,-5.8088,0.560306,0.560305,0.560299,0.241209
-5.82473,-6.04402,-5.82266,0.558594,0.558593,0.558587,0.252837
-5.83858,-6.05788,-5.83651,0.556802,0.556802,0.556795,0.264428
-5.85244,-6.07174,-5.85037,0.55493,0.55493,0.554923,0.275982
-5.8663,-6.08559,-5.86422,0.552978,0.552978,0.552971,0.287496
-5.88015,-6.09945,-5.87808,0.550946,0.550946,0.55094,0.298968
-5.89401,-6.1133,-5.89194,0.548835,0.548835,0.548829,0.310397
-5.90787,-6.12716,-5.90579,0.546645,0.546645,0.546639,0.321782
-5.92172,-6.14102,-5.91965,0.544377,0.544377,0.54437,0.33312
-5.93558,-6.15487,-5.93351,0.54203,0.54203,0.542023,0.344411
-5.94944,-6.16873,-5.94736,0.539604,0.539605,0.539598,0.355651
-5.96329,-6.18259,-5.96122,0.537102,0.537102,0.537095,0.366841
-5.97715,-6.19644,-5.97507,0.534521,0.534522,0.534515,0.377978
-5.99101,-6.2103,-5.98893,0.531864,0.531865,0.531858,0.38906
-6.00486,-6.22416,-6.00279,0.52913,0.529131,0.529124,0.400086
-6.01872,-6.23801,-6.01664,0.52632,0.526321,0.526314,0.411055
-6.03258,-6.25187,-6.0305,0.523435,0.523435,0.523429,0.421964
-6.04643,-6.26573,-6.04436,0.520474,0.520474,0.520468,0.432813
-6.06029,-6.27958,-6.05821,0.517438,0.517438,0.517432,0.4436
-6.07415,-6.29344,-6.07207,0.514327,0.514328,0.514321,0.454322
-6.088,-6.30729,-6.08592,0.511142,0.511143,0.511136,0.464979
-6.10186,-6.32115,-6.09978,0.507884,0.507885,0.507878,0.475569
-6.11572,-6.33501,-6.11364,0.504553,0.504554,0.504547,0.486091
-6.12957,-6.34886,-6.12749,0.501149,0.50115,0.501143,0.496543
-6.14343,-6.36272,-6.14135,0.497672,0.497674,0.497667,0.506923
-6.15729,-6.37658,-6.1552,0.494125,0.494126,0.494119,0.51723
-6.17114,-6.39043,-6.16906,0.490506,0.490507,0.4905,0.527463
-6.185,-6.40429,-6.18292,0.486816,0.486818,0.486811,0.537619
-6.19886,-6.41815,-6.19677,0.483056,0.483058,0.483051,0.547699
-6.21271,-6.432,-6.21063,0.479227,0.479229,0.479222,0.557699
-6.22657,-6.44586,-6.22449,0.475329,0.47533,0.475323,0.567619
-6.24042,-6.45972,-6.23834,0.471362,0.471364,0.471357,0.577457
-6.25428,-6.47357,-6.2522,0.467327,0.467329,0.467322,0.587213
-6.26814,-6.48743,-6.26605,0.463225,0.463227,0.46322,0.596883
-6.28199,-6.50128,-6.27991,0.459057,0.459059,0.459052,0.606468
-6.29585,-6.51514,-6.29377,0.454822,0.454824,0.454817,0.615966
-6.30971,-6.529,-6.30762,0.450522,0.450524,0.450517,0.625374
-6.32356,-6.54285,-6.32148,0.446157,0.446159,0.446152,0.634693
-6.33742,-6.55671,-6.33534,0.441727,0.44173,0.441722,0.64392
-6.35128,-6.57057,-6.34919,0.437234,0.437237,0.43723,0.653055
-6.36513,-6.58442,-6.36305,0.432678,0.432681,0.432674,0.662095
-6.37899,-6.59828,-6.3769,0.42806,0.428063,0.428056,0.67104
-6.39285,-6.61214,-6.39076,0.42338,0.423383,0.423376,0.679889
-6.4067,-6.62599,-6.40462,0.418639,0.418642,0.418635,0.688639
-6.42056,-6.63985,-6.41847,0.413838,0.413841,0.413834,0.697291
-6.43442,-6.65371,-6.43233,0.408978,0.408981,0.408973,0.705842
-6.44827,-6.66756,-6.44619,0.404058,0.404061,0.404054,0.714291
-6.46213,-6.68142,-6.46004,0.39908,0.399084,0.399076,0.722638
-6.47599,-6.69528,-6.4739,0.394045,0.394048,0.394041,0.73088
-6.48984,-6.70913,-6.48775,0.388953,0.388956,0.388949,0.739018
-6.5037,-6.72299,-6.50161,0.383805,0.383809,0.383801,0.747048
-6.51756,-6.73684,-6.51547,0.378602,0.378605,0.378598,0.754972
-6.53141,-6.7507,-6.52932,0.373344,0.373348,0.37334,0.762786
-6.54527,-6.76456,-6.54318,0.368032,0.368036,0.368029,0.770491
-6.55913,-6.77841,-6.55703,0.362668,0.362672,0.362664,0.778085
-6.57298,-6.79227,-6.57089,0.357251,0.357255,0.357248,0.785566
-6.58684,-6.80613,-6.58475,0.351783,0.351787,0.351779,0.792935
-6.6007,-6.81998,-6.5986,0.346264,0.346268,0.346261,0.800189
-6.61455,-6.83384,-6.61246,0.340695,0.340699,0.340692,0.807329
-6.62841,-6.8477,-6.62632,0.335078,0.335082,0.335074,0.814352
-6.64227,-6.86155,-6.64017,0.329412,0.329416,0.329408,0.821257
-6.65612,-6.87541,-6.65403,0.323698,0.323702,0.323695,0.828045
-6.66998,-6.88927,-6.66788,0.317938,0.317942,0.317935,0.834713
-6.68383,-6.90312,-6.68174,0.312132,0.312137,0.312129,0.841261
-6.69769,-6.91698,-6.6956,0.306281,0.306286,0.306279,0.847688
-6.71155,-6.93083,-6.70945,0.300386,0.300391,0.300384,0.853992
-6.7254,-6.94469,-6.72331,0.294448,0.294453,0.294446,0.860174
-6.73926,-6.95855,-6.73717,0.288468,0.288472,0.288465,0.866232
-6.75312,-6.9724,-6.75102,0.282446,0.28245,0.282443,0.872165
-6.76697,-6.98626,-6.76488,0.276383,0.276388,0.27638,0.877973
-6.78083,-7.00012,-6.77873,0.27028,0.270285,0.270278,0.883654
-6.79469,-7.01397,-6.79259,0.264139,0.264144,0.264136,0.889208
-6.80854,-7.02783,-6.80645,0.257959,0.257964,0.257957,0.894634
-6.8224,-7.04169,-6.8203,0.251742,0.251748,0.25174,0.899931
-6.83626,-7.05554,-6.83416,0.24549,0.245495,0.245488,0.905098
-6.85011,-7.0694,-6.84802,0.239201,0.239207,0.239199,0.910136
-6.86397,-7.08326,-6.86187,0.232879,0.232884,0.232877,0.915042
-6.87783,-7.09711,-6.87573,0.226522,0.226528,0.226521,0.919816
-6.89168,-7.11097,-6.88958,0.220133,0.220139,0.220132,0.924458
-6.90554,-7.12482,-6.90344,0.213713,0.213718,0.213711,0.928967
-6.9194,-7.13868,-6.9173,0.207261,0.207267,0.20726,0.933341
-6.93325,-7.15254,-6.93115,0.20078,0.200786,0.200779,0.937582
-6.94711,-7.16639,-6.94501,0.19427,0.194276,0.194269,0.941688
-6.96097,-7.18025,-6.95887,0.187732,0.187738,0.187731,0.945658
-6.97482,-7.19411,-6.97272,0.181167,0.181173,0.181166,0.949491
-6.98868,-7.20796,-6.98658,0.174576,0.174582,0.174575,0.953188
-7.00254,-7.22182,-7.00043,0.167959,0.167965,0.167959,0.956748
-7.01639,-7.23568,-7.01429,0.161319,0.161325,0.161318,0.96017
-7.03025,-7.24953,-7.02815,0.154655,0.154661,0.154654,0.963454
-7.04411,-7.26339,-7.042,0.147969,0.147975,0.147968,0.966599
-7.05796,-7.27725,-7.05586,0.141262,0.141268,0.141261,0.969605
-7.07182,-7.2911,-7.06971,0.134534,0.13454,0.134534,0.972471
-7.08568,-7.30496,-7.08357,0.127787,0.127793,0.127787,0.975197
-7.09953,-7.31881,-7.09743,0.121022,0.121028,0.121021,0.977783
-7.11339,-7.33267,-7.11128,0.114239,0.114245,0.114239,0.980228
-7.12724,-7.34653,-7.12514,0.107439,0.107446,0.107439,0.982532
-7.1411,-7.36038,-7.139,0.100625,0.100631,0.100625,0.984694
-7.15496,-7.37424,-7.15285,0.0937953,0.0938018,0.0937954,0.986715
-7.16881,-7.3881,-7.16671,0.0869525,0.086959,0.0869527,0.988593
-7.18267,-7.40195,-7.18056,0.0800972,0.0801037,0.0800975,0.990329
-7.19653,-7.41581,-7.19442,0.0732304,0.0732369,0.0732307,0.991923
-7.21038,-7.42967,-7.20828,0.066353,0.0663596,0.0663534,0.993374
-7.22424,-7.44352,-7.22213,0.059466,0.0594727,0.0594665,0.994681
-7.2381,-7.45738,-7.23599,0.0525705,0.0525772,0.0525711,0.995845
-7.25195,-7.47124,-7.24985,0.0456674,0.0456741,0.0456681,0.996866
-7.26581,-7.48509,-7.2637,0.0387578,0.0387645,0.0387585,0.997744
-7.27967,-7.49895,-7.27756,0.0318425,0.0318493,0.0318434,0.998478
-7.29352,-7.51281,-7.29141,0.0249227,0.0249295,0.0249237,0.999068
-7.30738,-7.52666,-7.30527,0.0179993,0.0180062,0.0180003,0.999514
-7.32124,-7.54052,-7.31913,0.0110733,0.0110802,0.0110744,0.999816
-7.33509,-7.55437,-7.33298,0.00414569,0.00415261,0.00414691,0.999974
-7.34895,-7.56823,-7.34684,-0.00278251,-0.00277555,-0.0027812,0.999988
-7.36281,-7.58209,-7.3607,-0.0097103,-0.00970332,-0.00970891,0.999859
-7.37666,-7.59594,-7.37455,-0.0166367,-0.0166297,-0.0166352,0.999585
-7.39052,-7.6098,-7.38841,-0.0235607,-0.0235537,-0.0235591,0.999167
-7.40438,-7.62366,-7.40226,-0.0304813,-0.0304742,-0.0304797,0.998606
-7.41823,-7.63751,-7.41612,-0.0373975,-0.0373904,-0.0373958,0.9979
-7.43209,-7.65137,-7.42998,-0.0443084,-0.0443012,-0.0443065,0.997051
-7.44595,-7.66523,-7.44383,-0.0512128,-0.0512057,-0.0512109,0.996059
-7.4598,-7.67908,-7.45769,-0.0581099,-0.0581027,-0.0581079,0.994923
-7.47366,-7.69294,-7.47155,-0.0649986,-0.0649914,-0.0649965,0.993643
-7.48752,-7.7068,-7.4854,-0.071878,-0.0718708,-0.0718758,0.992221
-7.50137,-7.72065,-7.49926,-0.078747,-0.0787397,-0.0787447,0.990655
-7.51523,-7.73451,-7.51311,-0.0856046,-0.0855974,-0.0856023,0.988948
-7.52909,-7.74836,-7.52697,-0.09245,-0.0924427,-0.0924475,0.987097
-7.54294,-7.76222,-7.54083,-0.099282,-0.0992747,-0.0992795,0.985105
-7.5568,-7.77608,-7.55468,-0.1061,-0.106092,-0.106097,0.98297
-7.57065,-7.78993,-7.56854,-0.112902,-0.112895,-0.112899,0.980694
-7.58451,-7.80379,-7.58239,-0.119688,-0.119681,-0.119686,0.978277
-7.59837,-7.81765,-7.59625,-0.126457,-0.12645,-0.126454,0.975719
-7.61222,-7.8315,-7.61011,-0.133208,-0.133201,-0.133205,0.973021
-7.62608,-7.84536,-7.62396,-0.13994,-0.139932,-0.139937,0.970182
-7.63994,-7.85922,-7.63782,-0.146651,-0.146644,-0.146648,0.967204
-7.65379,-7.87307,-7.65168,-0.153341,-0.153334,-0.153338,0.964086
-7.66765,-7.88693,-7.66553,-0.16001,-0.160002,-0.160006,0.96083
-7.68151,-7.90079,-7.67939,-0.166655,-0.166647,-0.166651,0.957435
-7.69536,-7.91464,-7.69324,-0.173276,-0.173269,-0.173272,0.953903
-7.70922,-7.9285,-7.7071,-0.179872,-0.179865,-0.179869,0.950233
-7.72308,-7.94235,-7.72096,-0.186442,-0.186435,-0.186439,0.946426
-7.73693,-7.95621,-7.73481,-0.192986,-0.192979,-0.192982,0.942483
-7.75079,-7.97007,-7.74867,-0.199502,-0.199494,-0.199498,0.938404
-7.76465,-7.98392,-7.76253,-0.205989,-0.205981,-0.205985,0.93419
-7.7785,-7.99778,-7.77638,-0.212446,-0.212438,-0.212442,0.929841
-7.79236,-8.01164,-7.79024,-0.218873,-0.218865,-0.218869,0.925359
-7.80622,-8.02549,-7.80409,-0.225268,-0.22526,-0.225264,0.920743
-7.82007,-8.03935,-7.81795,-0.23163,-0.231623,-0.231626,0.915995
-7.83393,-8.05321,-7.83181,-0.23796,-0.237953,-0.237956,0.911115
-7.84779,-8.06706,-7.84566,-0.244255,-0.244248,-0.244251,0.906104
-7.86164,-8.08092,-7.85952,-0.250515,-0.250508,-0.250511,0.900962
-7.8755,-8.09478,-7.87338,-0.256739,-0.256732,-0.256734,0.895691
-7.88936,-8.10863,-7.88723,-0.262926,-0.262918,-0.262921,0.89029
-7.90321,-8.12249,-7.90109,-0.269075,-0.269067,-0.26907,0.884761
-7.91707,-8.13635,-7.91494,-0.275185,-0.275178,-0.275181,0.879105
-7.93093,-8.1502,-7.9288,-0.281256,-0.281249,-0.281251,0.873323
-7.94478,-8.16406,-7.94266,-0.287286,-0.287279,-0.287281,0.867414
-7.95864,-8.17791,-7.95651,-0.293275,-0.293268,-0.29327,0.861381
-7.9725,-8.19177,-7.97037,-0.299221,-0.299214,-0.299217,0.855223
-7.98635,-8.20563,-7.98423,-0.305125,-0.305118,-0.30512,0.848943
-8.00021,-8.21948,-7.99808,-0.310984,-0.310977,-0.310979,0.84254
-8.01407,-8.23334,-8.01194,-0.316799,-0.316792,-0.316794,0.836016
-8.02792,-8.2472,-8.02579,-0.322568,-0.322561,-0.322563,0.829371
-8.04178,-8.26105,-8.03965,-0.328291,-0.328284,-0.328286,0.822607
-8.05563,-8.27491,-8.05351,-0.333966,-0.333959,-0.333961,0.815725
-8.06949,-8.28877,-8.06736,-0.339594,-0.339587,-0.339589,0.808725
-8.08335,-8.30262,-8.08122,-0.345172,-0.345165,-0.345167,0.801609
-8.0972,-8.31648,-8.09507,-0.350701,-0.350694,-0.350696,0.794377
-8.11106,-8.33034,-8.10893,-0.356179,-0.356172,-0.356174,0.787031
-8.12492,-8.34419,-8.12279,-0.361606,-0.361599,-0.361601,0.779572
-8.13877,-8.35805,-8.13664,-0.366981,-0.366974,-0.366975,0.772
-8.15263,-8.3719,-8.1505,-0.372303,-0.372296,-0.372297,0.764317
-8.16649,-8.38576,-8.16436,-0.377572,-0.377565,-0.377566,0.756524
-8.18034,-8.39962,-8.17821,-0.382786,-0.382779,-0.38278,0.748622
-8.1942,-8.41347,-8.19207,-0.387944,-0.387938,-0.387939,0.740613
-8.20806,-8.42733,-8.20592,-0.393048,-0.393041,-0.393042,0.732496
-8.22191,-8.44119,-8.21978,-0.398094,-0.398087,-0.398088,0.724275
-8.23577,-8.45504,-8.23364,-0.403083,-0.403076,-0.403077,0.715948
-8.24963,-8.4689,-8.24749,-0.408014,-0.408008,-0.408008,0.707519
-8.26348,-8.48276,-8.26135,-0.412887,-0.41288,-0.412881,0.698988
-8.27734,-8.49661,-8.27521,-0.4177,-0.417693,-0.417693,0.690356
-8.2912,-8.51047,-8.28906,-0.422452,-0.422446,-0.422446,0.681625
-8.30505,-8.52433,-8.30292,-0.427144,-0.427138,-0.427138,0.672796
-8.31891,-8.53818,-8.31677,-0.431775,-0.431768,-0.431768,0.66387
-8.33277,-8.55204,-8.33063,-0.436343,-0.436336,-0.436336,0.654848
-8.34662,-8.56589,-8.34449,-0.440848,-0.440842,-0.440842,0.645732
-8.36048,-8.57975,-8.35834,-0.44529,-0.445284,-0.445284,0.636523
-8.37434,-8.59361,-8.3722,-0.449668,-0.449662,-0.449661,0.627222
-8.38819,-8.60746,-8.38606,-0.453981,-0.453975,-0.453974,0.617831
-8.40205,-8.62132,-8.39991,-0.458229,-0.458222,-0.458222,0.608351
-8.41591,-8.63518,-8.41377,-0.46241,-0.462404,-0.462404,0.598784
-8.42976,-8.64903,-8.42762,-0.466525,-0.466519,-0.466519,0.58913
-8.44362,-8.66289,-8.44148,-0.470573,-0.470567,-0.470567,0.579391
-8.45748,-8.67675,-8.45534,-0.474553,-0.474547,-0.474547,0.569569
-8.47133,-8.6906,-8.46919,-0.478465,-0.478459,-0.478459,0.559665
-8.48519,-8.70446,-8.48305,-0.482308,-0.482302,-0.482301,0.54968
-8.49904,-8.71832,-8.4969,-0.486082,-0.486076,-0.486075,0.539617
-8.5129,-8.73217,-8.51076,-0.489785,-0.489779,-0.489778,0.529475
-8.52676,-8.74603,-8.52462,-0.493418,-0.493412,-0.493411,0.519257
-8.54061,-8.75988,-8.53847,-0.49698,-0.496974,-0.496973,0.508965
-8.55447,-8.77374,-8.55233,-0.50047,-0.500465,-0.500463,0.498599
-8.56833,-8.7876,-8.56619,-0.503889,-0.503883,-0.503882,0.488161
-8.58218,-8.80145,-8.58004,-0.507234,-0.507229,-0.507227,0.477653
-8.59604,-8.81531,-8.5939,-0.510507,-0.510502,-0.5105,0.467077
-8.6099,-8.82917,-8.60775,-0.513706,-0.513701,-0.513699,0.456433
-8.62375,-8.84302,-8.62161,-0.516831,-0.516826,-0.516824,0.445723
-8.63761,-8.85688,-8.63547,-0.519882,-0.519877,-0.519875,0.434949
-8.65147,-8.87074,-8.64932,-0.522858,-0.522853,-0.522851,0.424112
-8.66532,-8.88459,-8.66318,-0.525759,-0.525753,-0.525751,0.413215
-8.67918,-8.89845,-8.67704,-0.528584,-0.528578,-0.528576,0.402258
-8.69304,-8.91231,-8.69089,-0.531332,-0.531327,-0.531325,0.391243
-8.70689,-8.92616,-8.70475,-0.534005,-0.534,-0.533997,0.380171
-8.72075,-8.94002,-8.7186,-0.5366,-0.536595,-0.536593,0.369045
-8.73461,-8.95388,-8.73246,-0.539118,-0.539113,-0.539111,0.357866
-8.74846,-8.96773,-8.74632,-0.541559,-0.541554,-0.541551,0.346635
-8.76232,-8.98159,-8.76017,-0.543921,-0.543916,-0.543914,0.335355
-8.77618,-8.99544,-8.77403,-0.546205,-0.546201,-0.546198,0.324026
-8.79003,-9.0093,-8.78789,-0.548411,-0.548406,-0.548403,0.31265
-8.80389,-9.02316,-8.80174,-0.550537,-0.550533,-0.55053,0.301229
-8.81775,-9.03701,-8.8156,-0.552585,-0.55258,-0.552577,0.289765
-8.8316,-9.05087,-8.82945,-0.554552,-0.554548,-0.554545,0.27826
-8.84546,-9.06473,-8.84331,-0.55644,-0.556436,-0.556433,0.266714
-8.85932,-9.07858,-8.85717,-0.558248,-0.558244,-0.55824,0.25513
-8.87317,-9.09244,-8.87102,-0.559975,-0.559971,-0.559968,0.243509
-8.88703,-9.1063,-8.88488,-0.561622,-0.561618,-0.561614,0.231852
-8.90089,-9.12015,-8.89874,-0.563188,-0.563184,-0.56318,0.220163
-8.91474,-9.13401,-8.91259,-0.564672,-0.564668,-0.564665,0.208442
-8.9286,-9.14787,-8.92645,-0.566076,-0.566072,-0.566068,0.196691
-8.94245,-9.16172,-8.9403,-0.567398,-0.567394,-0.56739,0.184911
-8.95631,-9.17558,-8.95416,-0.568638,-0.568634,-0.568631,0.173105
-8.97017,-9.18943,-8.96802,-0.569796,-0.569793,-0.569789,0.161274
-8.98402,-9.20329,-8.98187,-0.570872,-0.570869,-0.570865,0.14942
-8.99788,-9.21715,-8.99573,-0.571867,-0.571863,-0.571859,0.137544
-9.01174,-9.231,-9.00958,-0.572778,-0.572775,-0.572771,0.125649
-9.02559,-9.24486,-9.02344,-0.573607,-0.573604,-0.5736,0.113735
-9.03945,-9.25872,-9.0373,-0.574354,-0.574351,-0.574347,0.101805
-9.05331,-9.27257,-9.05115,-0.575018,-0.575015,-0.575011,0.0898603
-9.06716,-9.28643,-9.06501,-0.575599,-0.575596,-0.575592,0.0779026
-9.08102,-9.30029,-9.07887,-0.576097,-0.576094,-0.57609,0.0659338
-9.09488,-9.31414,-9.09272,-0.576513,-0.57651,-0.576505,0.0539554
-9.10873,-9.328,-9.10658,-0.576845,-0.576842,-0.576838,0.0419693
-9.12259,-9.34186,-9.12043,-0.577094,-0.577091,-0.577087,0.0299771
-9.13645,-9.35571,-9.13429,-0.57726,-0.577258,-0.577253,0.0179807
-9.1503,-9.36957,-9.14815,-0.577343,-0.577341,-0.577336,0.0059816
-9.16416,-9.38342,-9.162,-0.577343,-0.577341,-0.577336,-0.00601833
-9.17802,-9.39728,-9.17586,-0.57726,-0.577257,-0.577253,-0.0180174
-9.19187,-9.41114,-9.18972,-0.577093,-0.577091,-0.577086,-0.0300139
-9.20573,-9.42499,-9.20357,-0.576844,-0.576842,-0.576837,-0.042006
-9.21959,-9.43885,-9.21743,-0.576511,-0.576509,-0.576504,-0.0539921
-9.23344,-9.45271,-9.23128,-0.576096,-0.576094,-0.576088,-0.0659704
-9.2473,-9.46656,-9.24514,-0.575597,-0.575595,-0.57559,-0.0779392
-9.26116,-9.48042,-9.259,-0.575016,-0.575014,-0.575009,-0.0898968
-9.27501,-9.49428,-9.27285,-0.574351,-0.57435,-0.574344,-0.101841
-9.28887,-9.50813,-9.28671,-0.573604,-0.573603,-0.573597,-0.113771
-9.30273,-9.52199,-9.30057,-0.572775,-0.572773,-0.572768,-0.125685
-9.31658,-9.53585,-9.31442,-0.571863,-0.571861,-0.571856,-0.137581
-9.33044,-9.5497,-9.32828,-0.570868,-0.570867,-0.570861,-0.149456
-9.3443,-9.56356,-9.34213,-0.569792,-0.569791,-0.569785,-0.16131
-9.35815,-9.57741,-9.35599,-0.568633,-0.568632,-0.568626,-0.173141
-9.37201,-9.59127,-9.36985,-0.567393,-0.567392,-0.567386,-0.184947
-9.38586,-9.60513,-9.3837,-0.566071,-0.566069,-0.566064,-0.196727
-9.39972,-9.61898,-9.39756,-0.564667,-0.564666,-0.56466,-0.208478
-9.41358,-9.63284,-9.41142,-0.563182,-0.563181,-0.563175,-0.220199
-9.42743,-9.6467,-9.42527,-0.561616,-0.561615,-0.561609,-0.231888
-9.44129,-9.66055,-9.43913,-0.559969,-0.559968,-0.559962,-0.243544
-9.45515,-9.67441,-9.45298,-0.558241,-0.55824,-0.558234,-0.255165
-9.469,-9.68827,-9.46684,-0.556433,-0.556432,-0.556426,-0.266749
-9.48286,-9.70212,-9.4807,-0.554545,-0.554544,-0.554538,-0.278295
-9.49672,-9.71598,-9.49455,-0.552577,-0.552576,-0.55257,-0.2898
-9.51057,-9.72984,-9.50841,-0.550529,-0.550529,-0.550523,-0.301264
-9.52443,-9.74369,-9.52226,-0.548402,-0.548402,-0.548396,-0.312685
-9.53829,-9.75755,-9.53612,-0.546197,-0.546196,-0.54619,-0.32406
-9.55214,-9.77141,-9.54998,-0.543912,-0.543912,-0.543906,-0.335389
-9.566,-9.78526,-9.56383,-0.541549,-0.541549,-0.541543,-0.34667
-9.57986,-9.79912,-9.57769,-0.539109,-0.539109,-0.539102,-0.3579
-9.59371,-9.81297,-9.59155,-0.53659,-0.53659,-0.536584,-0.369079
-9.60757,-9.82683,-9.6054,-0.533994,-0.533995,-0.533988,-0.380205
-9.62143,-9.84069,-9.61926,-0.531322,-0.531322,-0.531316,-0.391277
-9.63528,-9.85454,-9.63311,-0.528573,-0.528573,-0.528567,-0.402291
-9.64914,-9.8684,-9.64697,-0.525748,-0.525748,-0.525742,-0.413248
-9.663,-9.88226,-9.66083,-0.522847,-0.522847,-0.522841,-0.424146
-9.67685,-9.89611,-9.67468,-0.519871,-0.519871,-0.519865,-0.434982
-9.69071,-9.90997,-9.68854,-0.516819,-0.51682,-0.516814,-0.445756
-9.70457,-9.92383,-9.7024,-0.513694,-0.513695,-0.513688,-0.456465
-9.71842,-9.93768,-9.71625,-0.510495,-0.510496,-0.510489,-0.467109
-9.73228,-9.95154,-9.73011,-0.507222,-0.507223,-0.507216,-0.477686
-9.74614,-9.9654,-9.74396,-0.503876,-0.503877,-0.50387,-0.488193
-9.75999,-9.97925,-9.75782,-0.500457,-0.500458,-0.500451,-0.498631
-9.77385,-9.99311,-9.77168,-0.496966,-0.496968,-0.496961,-0.508996
-9.78771,-10.007,-9.78553,-0.493404,-0.493406,-0.493399,-0.519289
-9.80156,-10.0208,-9.79939,-0.489771,-0.489773,-0.489766,-0.529506
-9.81542,-10.0347,-9.81325,-0.486067,-0.486069,-0.486062,-0.539648
-9.82927,-10.0485,-9.8271,-0.482294,-0.482295,-0.482288,-0.549711
-9.84313,-10.0624,-9.84096,-0.47845,-0.478452,-0.478445,-0.559696
-9.85699,-10.0762,-9.85481,-0.474538,-0.47454,-0.474533,-0.569599
-9.87084,-10.0901,-9.86867,-0.470558,-0.47056,-0.470553,-0.579421
-9.8847,-10.104,-9.88253,-0.46651,-0.466512,-0.466505,-0.58916
-9.89856,-10.1178,-9.89638,-0.462394,-0.462396,-0.462389,-0.598813
-9.91241,-10.1317,-9.91024,-0.458212,-0.458215,-0.458207,-0.60838
-9.92627,-10.1455,-9.92409,-0.453964,-0.453967,-0.45396,-0.61786
-9.94013,-10.1594,-9.93795,-0.449651,-0.449654,-0.449646,-0.627251
-9.95398,-10.1732,-9.95181,-0.445273,-0.445276,-0.445268,-0.636551
-9.96784,-10.1871,-9.96566,-0.440831,-0.440834,-0.440826,-0.64576
-9.9817,-10.201,-9.97952,-0.436325,-0.436328,-0.436321,-0.654876
-9.99555,-10.2148,-9.99338,-0.431757,-0.43176,-0.431752,-0.663897
-10.0094,-10.2287,-10.0072,-0.427126,-0.427129,-0.427122,-0.672823
-10.0233,-10.2425,-10.0211,-0.422434,-0.422437,-0.42243,-0.681652
-10.0371,-10.2564,-10.0349,-0.417681,-0.417684,-0.417677,-0.690383
-10.051,-10.2702,-10.0488,-0.412868,-0.412871,-0.412864,-0.699014
-10.0648,-10.2841,-10.0627,-0.407995,-0.407999,-0.407991,-0.707545
-10.0787,-10.2979,-10.0765,-0.403064,-0.403067,-0.40306,-0.715974
-10.0925,-10.3118,-10.0904,-0.398075,-0.398078,-0.398071,-0.7243
-10.1064,-10.3257,-10.1042,-0.393028,-0.393031,-0.393024,-0.732521
-10.1203,-10.3395,-10.1181,-0.387925,-0.387928,-0.387921,-0.740637
-10.1341,-10.3534,-10.1319,-0.382766,-0.382769,-0.382762,-0.748647
-10.148,-10.3672,-10.1458,-0.377551,-0.377555,-0.377548,-0.756548
-10.1618,-10.3811,-10.1597,-0.372283,-0.372286,-0.372279,-0.764341
-10.1757,-10.3949,-10.1735,-0.36696,-0.366964,-0.366957,-0.772023
-10.1895,-10.4088,-10.1874,-0.361585,-0.361589,-0.361582,-0.779595
-10.2034,-10.4227,-10.2012,-0.356158,-0.356162,-0.356155,-0.787054
-10.2173,-10.4365,-10.2151,-0.35068,-0.350684,-0.350676,-0.7944
-10.2311,-10.4504,-10.2289,-0.345151,-0.345155,-0.345148,-0.801631
-10.245,-10.4642,-10.2428,-0.339572,-0.339576,-0.339569,-0.808747
-10.2588,-10.4781,-10.2566,-0.333945,-0.333949,-0.333942,-0.815746
-10.2727,-10.4919,-10.2705,-0.328269,-0.328273,-0.328266,-0.822628
-10.2865,-10.5058,-10.2844,-0.322546,-0.322551,-0.322543,-0.829392
-10.3004,-10.5197,-10.2982,-0.316777,-0.316781,-0.316774,-0.836036
-10.3143,-10.5335,-10.3121,-0.310962,-0.310966,-0.310959,-0.84256
-10.3281,-10.5474,-10.3259,-0.305102,-0.305107,-0.305099,-0.848962
-10.342,-10.5612,-10.3398,-0.299199,-0.299203,-0.299196,-0.855242
-10.3558,-10.5751,-10.3536,-0.293252,-0.293256,-0.293249,-0.861399
-10.3697,-10.5889,-10.3675,-0.287263,-0.287268,-0.28726,-0.867432
-10.3835,-10.6028,-10.3814,-0.281232,-0.281237,-0.28123,-0.87334
-10.3974,-10.6166,-10.3952,-0.275162,-0.275167,-0.275159,-0.879123
-10.4113,-10.6305,-10.4091,-0.269051,-0.269056,-0.269049,-0.884778
-10.4251,-10.6444,-10.4229,-0.262902,-0.262907,-0.2629,-0.890307
-10.439,-10.6582,-10.4368,-0.256715,-0.25672,-0.256713,-0.895707
-10.4528,-10.6721,-10.4506,-0.250491,-0.250496,-0.250489,-0.900978
-10.4667,-10.6859,-10.4645,-0.244231,-0.244236,-0.244229,-0.906119
-10.4805,-10.6998,-10.4783,-0.237936,-0.237941,-0.237934,-0.91113
-10.4944,-10.7136,-10.4922,-0.231606,-0.231611,-0.231604,-0.91601
-10.5082,-10.7275,-10.5061,-0.225243,-0.225249,-0.225242,-0.920758
-10.5221,-10.7414,-10.5199,-0.218848,-0.218853,-0.218846,-0.925373
-10.536,-10.7552,-10.5338,-0.212421,-0.212427,-0.21242,-0.929855
-10.5498,-10.7691,-10.5476,-0.205964,-0.205969,-0.205962,-0.934203
-10.5637,-10.7829,-10.5615,-0.199477,-0.199482,-0.199475,-0.938417
-10.5775,-10.7968,-10.5753,-0.192961,-0.192966,-0.19296,-0.942495
-10.5914,-10.8106,-10.5892,-0.186417,-0.186423,-0.186416,-0.946438
-10.6052,-10.8245,-10.603,-0.179847,-0.179853,-0.179846,-0.950244
-10.6191,-10.8384,-10.6169,-0.17325,-0.173256,-0.173249,-0.953914
-10.633,-10.8522,-10.6308,-0.166629,-0.166635,-0.166628,-0.957446
-10.6468,-10.8661,-10.6446,-0.159984,-0.15999,-0.159983,-0.96084
-10.6607,-10.8799,-10.6585,-0.153316,-0.153322,-0.153315,-0.964096
-10.6745,-10.8938,-10.6723,-0.146625,-0.146631,-0.146625,-0.967213
-10.6884,-10.9076,-10.6862,-0.139914,-0.13992,-0.139913,-0.970191
-10.7022,-10.9215,-10.7,-0.133182,-0.133188,-0.133182,-0.973029
-10.7161,-10.9353,-10.7139,-0.126431,-0.126437,-0.126431,-0.975727
-10.73,-10.9492,-10.7278,-0.119662,-0.119669,-0.119662,-0.978285
-10.7438,-10.9631,-10.7416,-0.112876,-0.112882,-0.112876,-0.980702
-10.7577,-10.9769,-10.7555,-0.106073,-0.10608,-0.106073,-0.982977
-10.7715,-10.9908,-10.7693,-0.0992557,-0.0992621,-0.0992557,-0.985111
-10.7854,-11.0046,-10.7832,-0.0924236,-0.0924301,-0.0924237,-0.987103
-10.7992,-11.0185,-10.797,-0.0855782,-0.0855847,-0.0855784,-0.988953
-10.8131,-11.0323,-10.8109,-0.0787205,-0.0787271,-0.0787208,-0.99066
-10.8269,-11.0462,-10.8247,-0.0718515,-0.0718581,-0.0718518,-0.992225
-10.8408,-11.0601,-10.8386,-0.0649721,-0.0649787,-0.0649725,-0.993647
-10.8547,-11.0739,-10.8525,-0.0580833,-0.05809,-0.0580839,-0.994926
-10.8685,-11.0878,-10.8663,-0.0511862,-0.0511929,-0.0511869,-0.996062
-10.8824,-11.1016,-10.8802,-0.0442818,-0.0442885,-0.0442825,-0.997054
-10.8962,-11.1155,-10.894,-0.0373709,-0.0373777,-0.0373717,-0.997903
-10.9101,-11.1293,-10.9079,-0.0304547,-0.0304615,-0.0304556,-0.998608
-10.9239,-11.1432,-10.9217,-0.023534,-0.0235409,-0.023535,-0.999169
-10.9378,-11.157,-10.9356,-0.01661,-0.0166169,-0.0166111,-0.999586
-10.9517,-11.1709,-10.9495,-0.00968362,-0.00969052,-0.00968477,-0.999859
-10.9655,-11.1848,-10.9633,-0.00275582,-0.00276275,-0.00275706,-0.999989
-10.9794,-11.1986,-10.9772,0.00417237,0.00416541,0.00417105,-0.999974
-10.9932,-11.2125,-10.991,0.0111,0.011093,0.0110986,-0.999815
-11.0071,-11.2263,-11.0049,0.018026,0.0180189,0.0180245,-0.999513
