0.000675744,-0.000433412,0.000674458,0.000554242,0.000554277,0.000554249,1
0.0027106,-0.00173351,0.00269039,0.00221688,0.00221722,0.00221695,0.999993
0.00647068,-0.00411633,0.0063572,0.00526473,0.00526631,0.00526505,0.999958
0.0120078,-0.00757968,0.0116231,0.00969694,0.00970213,0.00969802,0.999859
0.0193978,-0.0121179,0.0184116,0.0155115,0.0155257,0.0155146,0.999639
0.0283773,-0.0175036,0.0263085,0.0224279,0.0224616,0.0224356,0.999244
0.0375603,-0.0228612,0.034,0.0293341,0.0294037,0.0293509,0.998706
0.0469675,-0.0281715,0.0414774,0.0362203,0.0363621,0.0362568,0.998024
0.0566255,-0.0334096,0.0487295,0.0430741,0.0433501,0.0431496,0.997198
0.0665649,-0.0385455,0.0557429,0.0498801,0.0503831,0.0500252,0.996228
0.0768188,-0.0435432,0.0625021,0.0566204,0.0574783,0.05688,0.995116
0.0874195,-0.0483621,0.0689897,0.0632747,0.0646533,0.0637107,0.99386
0.0983963,-0.0529576,0.0751875,0.0698217,0.0719251,0.0705151,0.992461
0.109772,-0.0572831,0.081077,0.0762392,0.0793087,0.0772919,0.990921
0.121561,-0.0612918,0.0866405,0.0825055,0.0868155,0.084041,0.989239
0.133766,-0.0649392,0.0918624,0.0886008,0.0944527,0.0907638,0.987416
0.146378,-0.0681853,0.0967304,0.0945081,0.102222,0.0974634,0.985454
0.159374,-0.0709969,0.101236,0.100214,0.110121,0.104144,0.983354
0.17272,-0.0733499,0.105377,0.105711,0.11814,0.110813,0.981116
0.186371,-0.0752301,0.109156,0.110997,0.126266,0.117475,0.978742
0.200273,-0.0766346,0.112582,0.116075,0.134481,0.124141,0.976233
0.214369,-0.0775713,0.11567,0.120955,0.142763,0.13082,0.973589
0.228596,-0.0780584,0.11844,0.125652,0.151089,0.13752,0.97081
0.242894,-0.0781235,0.120917,0.130184,0.159436,0.144251,0.967897
0.257203,-0.0778011,0.123127,0.134576,0.167778,0.151021,0.964849
0.271471,-0.0771312,0.125103,0.138851,0.176092,0.157837,0.961665
0.285649,-0.0761569,0.126872,0.143036,0.184356,0.164705,0.958345
0.299698,-0.0749218,0.128466,0.147156,0.192551,0.171627,0.954889
0.313586,-0.0734684,0.129911,0.151235,0.200659,0.178606,0.951296
0.327289,-0.0718358,0.131232,0.155293,0.208667,0.185641,0.947565
0.340793,-0.0700576,0.132451,0.159349,0.216563,0.192729,0.943697
0.35409,-0.0681609,0.133582,0.163415,0.224341,0.199865,0.939692
0.367181,-0.0661643,0.134637,0.1675,0.231997,0.207044,0.93555
0.380071,-0.0640772,0.135621,0.171606,0.239533,0.214259,0.931272
0.392776,-0.0618981,0.136534,0.175732,0.246953,0.221502,0.92686
0.405312,-0.0596143,0.13737,0.179868,0.254265,0.228765,0.922314
0.417703,-0.0572016,0.138119,0.184001,0.261483,0.23604,0.917636
0.429972,-0.0546246,0.138764,0.188113,0.268622,0.24332,0.912826
0.442143,-0.0518387,0.139288,0.19218,0.275699,0.250598,0.907886
0.45434,-0.0485804,0.139572,0.196075,0.282811,0.25785,0.902821
0.466539,-0.0448376,0.139622,0.19979,0.289953,0.265079,0.897633
0.478705,-0.0406239,0.139456,0.203332,0.297114,0.272289,0.892322
0.490797,-0.0359735,0.1391,0.206717,0.304272,0.279486,0.88689
0.502774,-0.0309351,0.138588,0.209968,0.311407,0.286676,0.881338
0.514596,-0.025563,0.137957,0.213112,0.318494,0.293866,0.875664
0.526228,-0.019909,0.137246,0.216172,0.32551,0.301064,0.869869
0.537641,-0.0140148,0.136488,0.219169,0.332437,0.308278,0.863953
0.548811,-0.00790682,0.135717,0.222114,0.339256,0.315516,0.857916
0.55972,-0.00159298,0.134961,0.225008,0.345957,0.322784,0.85176
0.570348,0.00493673,0.134244,0.227844,0.352528,0.330093,0.845488
0.580678,0.0117074,0.133589,0.230608,0.358963,0.337453,0.839101
0.59069,0.0187536,0.13302,0.233278,0.365255,0.344874,0.832605
0.600363,0.0261129,0.132561,0.235833,0.371397,0.352369,0.826004
0.609671,0.0338177,0.132239,0.238249,0.377381,0.359949,0.819303
0.618588,0.0418897,0.132083,0.240511,0.383194,0.367624,0.812508
0.627087,0.050334,0.132126,0.242608,0.388825,0.375403,0.805624
0.635145,0.0591376,0.132399,0.244536,0.394258,0.383291,0.798656
0.642744,0.06827,0.132934,0.246302,0.399479,0.391288,0.791609
0.649877,0.077686,0.133754,0.247919,0.404476,0.399393,0.784487
0.656544,0.0873319,0.134878,0.249403,0.409241,0.407598,0.777292
0.662758,0.0971517,0.136312,0.250776,0.413771,0.415892,0.770025
0.668543,0.107094,0.138053,0.252057,0.418069,0.424259,0.762686
0.67393,0.117117,0.140083,0.253264,0.422148,0.432682,0.755272
0.678955,0.127195,0.142375,0.254407,0.426024,0.44114,0.747781
0.683658,0.137313,0.144891,0.255496,0.429721,0.449614,0.740209
0.688079,0.147475,0.147588,0.256531,0.433267,0.458083,0.732551
0.692253,0.157692,0.15042,0.257511,0.436692,0.466527,0.724804
0.696213,0.167983,0.15334,0.258431,0.440024,0.474927,0.716963
0.699982,0.178366,0.156306,0.259288,0.44329,0.483268,0.709025
0.703581,0.188857,0.159284,0.260076,0.446512,0.491536,0.700985
0.707019,0.199466,0.162246,0.260793,0.449708,0.49972,0.692842
0.710303,0.210197,0.165177,0.261439,0.452886,0.507811,0.684596
0.713428,0.221049,0.168072,0.262013,0.456052,0.515807,0.676246
0.716383,0.232017,0.170937,0.262514,0.459201,0.523707,0.667796
0.719147,0.243096,0.173794,0.262938,0.462325,0.531518,0.659248
0.72169,0.25428,0.176675,0.263278,0.465407,0.539248,0.650609
0.723977,0.265562,0.179623,0.263527,0.468426,0.546912,0.641887
0.725965,0.27693,0.182691,0.263674,0.471355,0.554527,0.633088
0.727616,0.288369,0.185932,0.263712,0.474168,0.562109,0.624223
0.728301,0.30052,0.189588,0.263183,0.47679,0.569803,0.615411
0.728681,0.312552,0.193476,0.262618,0.479254,0.577467,0.60653
0.729107,0.324119,0.197464,0.262266,0.481603,0.585022,0.597515
0.729167,0.33566,0.201671,0.261822,0.483798,0.592554,0.588446
0.728842,0.347139,0.206103,0.261295,0.485819,0.600071,0.579328
0.728122,0.358497,0.210757,0.260712,0.487635,0.60758,0.570165
0.727022,0.369462,0.215541,0.260118,0.489184,0.61496,0.561125
0.725545,0.380028,0.220467,0.259554,0.490446,0.622267,0.552158
0.723694,0.390186,0.225554,0.259062,0.491394,0.629565,0.5432
0.721467,0.399926,0.230821,0.258688,0.491998,0.636916,0.534188
0.718863,0.409233,0.236293,0.258478,0.492227,0.644379,0.525051
0.715895,0.418049,0.24197,0.258476,0.492048,0.651973,0.515761
0.712647,0.426163,0.247731,0.258713,0.491451,0.659558,0.506485
0.709168,0.433542,0.253546,0.259205,0.49044,0.667115,0.497232
0.705501,0.440181,0.259393,0.259956,0.489028,0.674626,0.48801
0.701687,0.446085,0.265248,0.26096,0.487236,0.682073,0.478828
0.697767,0.451278,0.271093,0.262208,0.485088,0.689441,0.469688
0.693774,0.455796,0.276914,0.263683,0.482612,0.696716,0.46059
0.689737,0.459689,0.282702,0.265361,0.479841,0.703887,0.451531
0.685679,0.463016,0.288456,0.267213,0.476806,0.710947,0.442502
0.681612,0.46584,0.294181,0.26921,0.473542,0.717891,0.433494
0.677545,0.468225,0.299886,0.271318,0.470078,0.724718,0.424497
0.67348,0.470235,0.305584,0.273504,0.466443,0.731428,0.415499
0.669414,0.471928,0.311292,0.275737,0.462662,0.738025,0.406488
0.665341,0.473356,0.317028,0.277987,0.458756,0.744511,0.397453
0.661252,0.474563,0.322808,0.280226,0.454744,0.75089,0.388387
0.657136,0.475589,0.32865,0.28243,0.450641,0.757167,0.379282
0.652982,0.476464,0.334569,0.284578,0.446459,0.763343,0.370131
0.648774,0.477216,0.340578,0.286651,0.442208,0.769424,0.36093
0.644501,0.477866,0.346693,0.288631,0.437897,0.775411,0.351675
0.640145,0.478435,0.352924,0.290502,0.433534,0.781309,0.342365
0.635693,0.478939,0.359286,0.292247,0.429126,0.787119,0.332997
0.631126,0.479394,0.365791,0.293851,0.42468,0.792844,0.323569
0.62643,0.479811,0.372452,0.2953,0.420201,0.798487,0.314082
0.621592,0.480191,0.379279,0.296584,0.415693,0.804048,0.304538
0.616606,0.480525,0.386273,0.297697,0.411155,0.80953,0.29494
0.611477,0.480786,0.393428,0.29865,0.406578,0.814929,0.285297
0.606225,0.480929,0.400721,0.299462,0.401948,0.820241,0.275618
0.600883,0.480896,0.408116,0.300167,0.397247,0.82546,0.265914
0.595486,0.480633,0.415575,0.300802,0.392457,0.830578,0.256195
0.589867,0.480092,0.42311,0.301314,0.38751,0.83563,0.246513
0.584225,0.479253,0.430663,0.301791,0.382448,0.840575,0.236834
0.578669,0.47813,0.438203,0.302271,0.377304,0.84539,0.227132
0.57319,0.476757,0.445729,0.302737,0.372093,0.850078,0.217403
0.567727,0.475162,0.453251,0.303153,0.366814,0.854649,0.207653
0.562232,0.473375,0.460768,0.303493,0.36147,0.859112,0.197886
0.556694,0.471431,0.46827,0.303744,0.356072,0.863465,0.188095
0.551115,0.469373,0.475742,0.303897,0.350642,0.867707,0.178272
0.545491,0.467251,0.483173,0.303942,0.3452,0.871835,0.168406
0.53981,0.465113,0.490557,0.303863,0.339769,0.875846,0.158486
0.534058,0.463006,0.497889,0.303644,0.334368,0.879741,0.148506
0.528219,0.460971,0.505167,0.303273,0.329014,0.883518,0.138459
0.522281,0.459041,0.51239,0.302737,0.323722,0.887177,0.128344
0.516233,0.457239,0.51956,0.302029,0.318506,0.890714,0.118157
0.510067,0.45558,0.526679,0.301144,0.313374,0.894129,0.107899
0.50378,0.454067,0.53375,0.300082,0.30833,0.89742,0.0975743
0.497371,0.452691,0.540777,0.298845,0.303376,0.900585,0.0871865
0.490841,0.451434,0.547766,0.297438,0.298508,0.903623,0.0767418
0.484197,0.450271,0.554721,0.295871,0.293718,0.906533,0.0662475
0.477446,0.449165,0.561647,0.294155,0.288995,0.909313,0.0557111
0.4706,0.448078,0.568548,0.292301,0.284326,0.911965,0.0451408
0.463673,0.446963,0.575429,0.290326,0.279694,0.914488,0.0345447
0.456678,0.445774,0.582294,0.288242,0.275082,0.916882,0.0239308
0.449634,0.444464,0.589143,0.286066,0.270472,0.919149,0.0133069
0.442558,0.442983,0.59598,0.283812,0.265843,0.921288,0.00268075
0.435468,0.441288,0.602804,0.281494,0.261178,0.923301,-0.00794035
0.428384,0.439333,0.609616,0.279125,0.256458,0.925189,-0.0185491
0.421323,0.437078,0.616413,0.276717,0.251667,0.926954,-0.0291382
0.414305,0.434487,0.623193,0.274281,0.246788,0.928596,-0.0397007
0.407349,0.431527,0.629952,0.271827,0.241807,0.930116,-0.0502296
0.400471,0.428169,0.636684,0.269363,0.236713,0.931517,-0.0607183
0.39369,0.424392,0.643383,0.266896,0.231495,0.932798,-0.0711606
0.38702,0.420179,0.650039,0.264432,0.226146,0.933961,-0.0815511
0.380474,0.415526,0.656643,0.261974,0.220662,0.935005,-0.0918855
0.374064,0.410435,0.663184,0.259523,0.215046,0.935931,-0.102161
0.367794,0.404921,0.66965,0.257077,0.209303,0.936736,-0.112378
0.361664,0.399014,0.67603,0.254631,0.203446,0.937421,-0.122539
0.355669,0.392752,0.682314,0.252175,0.19749,0.937982,-0.132647
0.349798,0.386183,0.688493,0.2497,0.191458,0.938417,-0.142712
0.344038,0.379358,0.694562,0.247193,0.18537,0.938725,-0.152739
0.338338,0.372304,0.700506,0.244631,0.179236,0.938909,-0.162728
0.332703,0.365065,0.706328,0.242011,0.173076,0.938965,-0.172687
0.327142,0.357669,0.712032,0.239331,0.166904,0.938889,-0.182623
0.321668,0.350128,0.717627,0.236593,0.160726,0.93868,-0.192537
0.316286,0.34244,0.72313,0.233792,0.154543,0.93834,-0.202427
0.310985,0.334591,0.728567,0.230917,0.148349,0.937873,-0.212283
0.305739,0.32656,0.733978,0.227944,0.142138,0.93729,-0.222094
0.300495,0.31833,0.739425,0.224832,0.135907,0.936605,-0.231842
0.295178,0.309882,0.74499,0.221525,0.129656,0.935837,-0.241506
0.289689,0.301207,0.750781,0.217946,0.123395,0.935009,-0.251061
0.283903,0.292298,0.756933,0.214004,0.117142,0.934148,-0.260475
0.277673,0.28315,0.763608,0.209586,0.110927,0.93329,-0.269701
0.270821,0.273756,0.771006,0.20456,0.10479,0.93248,-0.278668
0.2633,0.264088,0.779147,0.198904,0.0987469,0.931735,-0.287325
0.255422,0.254701,0.787668,0.192875,0.0931774,0.931144,-0.295108
0.247233,0.24577,0.796486,0.186552,0.0881886,0.930752,-0.301863
0.238676,0.237313,0.805624,0.179934,0.0837837,0.930588,-0.307586
0.229706,0.229334,0.815087,0.173027,0.0799519,0.930667,-0.312295
0.220295,0.221826,0.824861,0.165847,0.0766685,0.930991,-0.316026
0.210432,0.214766,0.834911,0.158416,0.0738956,0.93155,-0.318841
0.200124,0.20812,0.845186,0.150762,0.0715823,0.932322,-0.320817
0.189398,0.201838,0.855619,0.142921,0.0696666,0.933275,-0.322052
0.1783,0.195858,0.86613,0.134937,0.0680771,0.93437,-0.322663
0.166891,0.190107,0.876632,0.126854,0.0667353,0.935559,-0.322775
0.15525,0.184496,0.887035,0.118724,0.065558,0.936794,-0.322526
0.143463,0.178932,0.897246,0.110596,0.0644602,0.938025,-0.32206
0.131627,0.173314,0.907179,0.102523,0.0633583,0.939202,-0.32152
0.119838,0.167536,0.916753,0.0945499,0.0621726,0.94028,-0.321043
0.108193,0.161499,0.9259,0.0867217,0.0608311,0.941219,-0.320758
0.0967804,0.155109,0.934562,0.0790744,0.0592717,0.941985,-0.320777
0.085679,0.148286,0.942698,0.0716361,0.0574452,0.942552,-0.321191
0.0749509,0.140969,0.950281,0.064425,0.0553175,0.942901,-0.322066
0.0646395,0.13312,0.957302,0.0574491,0.0528711,0.943023,-0.323437
0.0547667,0.124728,0.963767,0.0507048,0.0501063,0.942916,-0.325312
0.0453308,0.115809,0.9697,0.0441783,0.0470412,0.942587,-0.327665
0.0363063,0.106408,0.975138,0.0378457,0.0437104,0.942054,-0.33044
0.0276457,0.0965938,0.980133,0.0316754,0.0401628,0.941341,-0.333557
0.0192828,0.0864537,0.984744,0.0256306,0.0364574,0.940479,-0.336917
0.0111403,0.0760831,0.989037,0.0196728,0.0326574,0.939502,-0.340415
0.00314103,0.0655737,0.993072,0.0137666,0.028822,0.938444,-0.343951
-0.00586618,0.0537451,0.99736,0.00711515,0.0245593,0.937194,-0.347871
-0.0148483,0.0417872,1.00143,0.000446167,0.0202997,0.935879,-0.351736
-0.0228781,0.0308677,1.00491,-0.00556698,0.0164504,0.934649,-0.355148
-0.030851,0.019929,1.00816,-0.0115626,0.0126363,0.933381,-0.358477
-0.0387727,0.00897856,1.01114,-0.017543,0.00886009,0.932082,-0.361714
-0.0466508,-0.00197263,1.01381,-0.0235109,0.00512622,0.930759,-0.364841
-0.0544951,-0.0129097,1.0161,-0.0294701,0.0014405,0.929423,-0.367835
-0.0623167,-0.0238134,1.01793,-0.0354244,-0.00219006,0.928086,-0.370671
-0.0701282,-0.0346605,1.01922,-0.0413785,-0.00575762,0.926763,-0.373317
-0.0779424,-0.045424,1.01988,-0.0473368,-0.00925384,0.925468,-0.375742
-0.0857725,-0.0560738,1.01982,-0.0533041,-0.0126704,0.924218,-0.377914
-0.0936304,-0.0665772,1.01895,-0.0592846,-0.0159993,0.923027,-0.379802
-0.101527,-0.0769008,1.01719,-0.0652824,-0.0192336,0.92191,-0.381379
-0.10947,-0.087011,1.01447,-0.0713008,-0.0223672,0.920878,-0.382621
-0.117465,-0.0968755,1.01076,-0.0773422,-0.0253959,0.919942,-0.38351
-0.125515,-0.106465,1.00601,-0.0834084,-0.0283172,0.919107,-0.384036
-0.133617,-0.115754,1.00021,-0.0894997,-0.0311307,0.918377,-0.384194
-0.141767,-0.124723,0.993382,-0.0956157,-0.033838,0.91775,-0.38399
-0.149956,-0.133358,0.985559,-0.101755,-0.0364432,0.917221,-0.383436
-0.15817,-0.141653,0.9768,-0.107914,-0.0389524,0.916782,-0.382554
-0.166395,-0.149608,0.967187,-0.114089,-0.0413739,0.916421,-0.381372
-0.174613,-0.157235,0.956821,-0.120275,-0.0437178,0.916121,-0.379929
-0.182805,-0.164551,0.94582,-0.126468,-0.0459958,0.915863,-0.378265
-0.190951,-0.171582,0.934317,-0.13266,-0.048221,0.915629,-0.376431
-0.199032,-0.178362,0.922453,-0.138846,-0.0504073,0.915395,-0.374476
-0.207029,-0.184931,0.910372,-0.145018,-0.0525689,0.915141,-0.372455
-0.214926,-0.191331,0.89822,-0.151171,-0.0547202,0.914845,-0.37042
-0.222709,-0.197612,0.886134,-0.157299,-0.0568746,0.914487,-0.368424
-0.230366,-0.203819,0.874239,-0.163396,-0.0590448,0.914048,-0.366514
-0.23789,-0.209999,0.862645,-0.169457,-0.0612415,0.913513,-0.364729
-0.245276,-0.216193,0.851437,-0.175481,-0.0634736,0.91287,-0.363105
-0.252521,-0.222437,0.840675,-0.181464,-0.0657472,0.912112,-0.361663
-0.259628,-0.228758,0.830392,-0.187406,-0.0680657,0.911233,-0.360417
-0.266599,-0.235169,0.820587,-0.193308,-0.0704294,0.910234,-0.359369
-0.273441,-0.241675,0.81123,-0.199171,-0.0728356,0.90912,-0.358507
-0.280162,-0.248265,0.802262,-0.204998,-0.0752788,0.907899,-0.35781
-0.286771,-0.254918,0.7936,-0.210793,-0.0777509,0.906585,-0.357247
-0.293276,-0.261602,0.785143,-0.216562,-0.0802421,0.90519,-0.356781
-0.299689,-0.268279,0.776785,-0.222307,-0.0827419,0.903732,-0.356373
-0.306015,-0.274909,0.768425,-0.228035,-0.0852402,0.902225,-0.355983
-0.31323,-0.282408,0.758765,-0.23461,-0.0880769,0.900447,-0.355523
-0.32034,-0.289793,0.748965,-0.241167,-0.0909016,0.898623,-0.355038
-0.326577,-0.296295,0.740041,-0.247004,-0.093429,0.896964,-0.354564
-0.332729,-0.302692,0.731035,-0.252818,-0.095944,0.895278,-0.354054
-0.3388,-0.308988,0.721973,-0.258606,-0.0984496,0.893573,-0.353494
-0.344802,-0.315185,0.712888,-0.264363,-0.10095,0.891858,-0.352861
-0.350748,-0.321286,0.703826,-0.270085,-0.103449,0.890145,-0.352127
-0.356654,-0.327295,0.694838,-0.275765,-0.105954,0.88845,-0.351261
-0.362544,-0.333216,0.685981,-0.281395,-0.10847,0.886789,-0.350224
-0.36844,-0.339053,0.677316,-0.286968,-0.111005,0.885178,-0.34898
-0.374371,-0.344811,0.668903,-0.292476,-0.113565,0.883636,-0.347488
-0.380365,-0.350492,0.660799,-0.29791,-0.116158,0.882179,-0.345712
-0.386451,-0.3561,0.653057,-0.303265,-0.118788,0.880822,-0.343617
-0.392658,-0.361637,0.645721,-0.308534,-0.121462,0.879576,-0.341173
-0.39901,-0.367104,0.638825,-0.313712,-0.124183,0.878451,-0.338359
-0.405532,-0.372501,0.632391,-0.318795,-0.126954,0.877452,-0.335159
-0.412239,-0.377828,0.626428,-0.323781,-0.129776,0.876577,-0.331566
-0.419144,-0.383081,0.620931,-0.32867,-0.132647,0.875825,-0.327585
-0.426252,-0.388258,0.615878,-0.333464,-0.135566,0.875184,-0.323228
-0.433561,-0.393354,0.611237,-0.338166,-0.138528,0.874643,-0.318518
-0.44106,-0.398364,0.606958,-0.342782,-0.141528,0.874183,-0.313487
-0.448732,-0.403281,0.60298,-0.347319,-0.144557,0.873785,-0.308175
-0.456556,-0.408099,0.599231,-0.351786,-0.147609,0.873425,-0.302633
-0.464499,-0.41281,0.595631,-0.356193,-0.150672,0.873079,-0.296913
-0.472529,-0.417408,0.592094,-0.360553,-0.153738,0.872721,-0.291076
-0.480606,-0.421885,0.58853,-0.364877,-0.156796,0.872325,-0.285182
-0.48869,-0.426235,0.584849,-0.369179,-0.159836,0.871869,-0.279293
-0.496741,-0.430453,0.580966,-0.373471,-0.16285,0.871329,-0.273468
-0.504718,-0.434533,0.576802,-0.377767,-0.165828,0.870687,-0.267763
-0.512585,-0.438473,0.57229,-0.382078,-0.168764,0.869928,-0.262224
-0.52031,-0.44227,0.567373,-0.386412,-0.171652,0.869039,-0.25689
-0.527868,-0.445922,0.562016,-0.390778,-0.174489,0.868014,-0.251788
-0.53524,-0.449431,0.556198,-0.395179,-0.177274,0.866851,-0.246934
-0.542418,-0.452796,0.549919,-0.399617,-0.180005,0.865553,-0.242327
-0.549401,-0.456021,0.5432,-0.40409,-0.182687,0.864125,-0.237957
-0.5562,-0.459109,0.53608,-0.408594,-0.185324,0.86258,-0.233798
-0.562834,-0.462063,0.528615,-0.41312,-0.18792,0.860932,-0.229814
-0.569328,-0.464887,0.520872,-0.417659,-0.190484,0.859197,-0.225961
-0.575714,-0.467585,0.512922,-0.422199,-0.193022,0.857392,-0.222192
-0.582022,-0.47016,0.504835,-0.426731,-0.195541,0.855534,-0.218462
-0.589161,-0.472941,0.49544,-0.431903,-0.198396,0.853351,-0.214223
-0.596224,-0.475561,0.485981,-0.437036,-0.20123,0.851125,-0.20998
-0.602548,-0.477804,0.477438,-0.441621,-0.203791,0.849093,-0.206108
-0.608809,-0.479925,0.468853,-0.44616,-0.206363,0.847039,-0.202191
-0.614996,-0.481934,0.460242,-0.450632,-0.208973,0.844975,-0.198187
-0.621099,-0.483842,0.451625,-0.455007,-0.211663,0.842922,-0.194036
-0.627105,-0.485663,0.443029,-0.459247,-0.214484,0.840903,-0.189659
-0.633001,-0.48741,0.434484,-0.463305,-0.217496,0.838947,-0.184964
-0.638777,-0.489096,0.426027,-0.467129,-0.220765,0.837083,-0.179848
-0.644426,-0.490732,0.417696,-0.470664,-0.224363,0.835339,-0.174202
-0.649943,-0.492328,0.409529,-0.47385,-0.228358,0.83374,-0.167916
-0.655329,-0.493888,0.401565,-0.476631,-0.232817,0.832308,-0.160881
-0.660589,-0.495416,0.393838,-0.478951,-0.2378,0.831053,-0.153
-0.665732,-0.49691,0.38638,-0.480757,-0.243352,0.829978,-0.144187
-0.67077,-0.498366,0.379215,-0.482003,-0.249507,0.829074,-0.134374
-0.675396,-0.499691,0.372808,-0.482612,-0.255842,0.828371,-0.124225
-0.67953,-0.50088,0.367265,-0.482617,-0.262169,0.827855,-0.114042
-0.683211,-0.501968,0.362523,-0.482065,-0.268471,0.827497,-0.103851
-0.686496,-0.502979,0.358488,-0.481023,-0.274736,0.827262,-0.0936723
-0.689453,-0.503928,0.355044,-0.479564,-0.280953,0.827109,-0.0835141
-0.69216,-0.504823,0.352069,-0.477767,-0.287117,0.826994,-0.0733771
-0.694697,-0.50566,0.349435,-0.475709,-0.293225,0.826873,-0.0632553
-0.69714,-0.506434,0.347026,-0.473462,-0.299274,0.826707,-0.0531396
-0.699559,-0.507131,0.344738,-0.471091,-0.305266,0.826459,-0.0430196
-0.702014,-0.50774,0.342483,-0.468649,-0.311201,0.8261,-0.0328866
-0.70455,-0.508247,0.340192,-0.466179,-0.317081,0.825603,-0.0227342
-0.707204,-0.508642,0.337812,-0.463713,-0.322909,0.82495,-0.0125594
-0.709997,-0.508918,0.335305,-0.461275,-0.328689,0.824126,-0.00236258
-0.712944,-0.509072,0.332645,-0.458879,-0.334423,0.823122,0.00785333
-0.716052,-0.509102,0.32981,-0.456537,-0.340119,0.821928,0.0180834
-0.719326,-0.509009,0.326783,-0.454258,-0.34578,0.820539,0.0283216
-0.722769,-0.508791,0.323546,-0.452049,-0.351413,0.818947,0.0385613
-0.726389,-0.508443,0.320076,-0.449922,-0.357023,0.817144,0.0487965
-0.730197,-0.507958,0.316352,-0.447891,-0.362612,0.815121,0.0590212
-0.734203,-0.507321,0.312353,-0.445969,-0.368181,0.812872,0.0692306
-0.738418,-0.506514,0.308067,-0.444169,-0.373727,0.810391,0.0794208
-0.742844,-0.505515,0.303498,-0.442494,-0.379245,0.807679,0.0895888
-0.74747,-0.504309,0.298677,-0.440936,-0.384727,0.804745,0.0997334
-0.752267,-0.502885,0.29366,-0.439468,-0.390162,0.801607,0.109855
-0.757192,-0.501247,0.288529,-0.438049,-0.395542,0.798292,0.119957
-0.762229,-0.499388,0.283317,-0.436665,-0.400862,0.79481,0.13004
-0.767313,-0.497332,0.278135,-0.435252,-0.406115,0.791199,0.140108
-0.772387,-0.495109,0.273081,-0.433755,-0.411298,0.78749,0.150165
-0.77741,-0.492745,0.268218,-0.432133,-0.416408,0.783707,0.160212
-0.782361,-0.490264,0.263572,-0.430369,-0.421449,0.779859,0.170245
-0.787243,-0.487676,0.259128,-0.42847,-0.426422,0.77594,0.18026
-0.792079,-0.484975,0.254834,-0.426464,-0.431334,0.771936,0.190251
-0.796906,-0.482145,0.250617,-0.42439,-0.436189,0.76782,0.20021
-0.801768,-0.479157,0.246389,-0.4223,-0.440995,0.763565,0.210131
-0.806709,-0.475977,0.242062,-0.420243,-0.445756,0.759141,0.220007
-0.811765,-0.472574,0.237555,-0.418262,-0.450479,0.754523,0.229827
-0.81696,-0.46892,0.2328,-0.416391,-0.455172,0.749692,0.239581
-0.822309,-0.464997,0.227736,-0.414655,-0.459842,0.744633,0.249255
-0.827816,-0.460793,0.222301,-0.413073,-0.464502,0.739334,0.258831
-0.833495,-0.456293,0.216399,-0.411677,-0.46917,0.733775,0.268283
-0.83938,-0.45144,0.209918,-0.410526,-0.473855,0.727926,0.277585
-0.845049,-0.446568,0.203295,-0.409739,-0.478208,0.722226,0.286042
-0.850348,-0.44183,0.19668,-0.409359,-0.482125,0.716854,0.293429
-0.85529,-0.437241,0.19005,-0.409383,-0.485634,0.711821,0.299793
-0.859894,-0.432808,0.183391,-0.409797,-0.488768,0.707122,0.305206
-0.864185,-0.428528,0.176698,-0.410572,-0.491563,0.702743,0.309756
-0.868192,-0.424388,0.169974,-0.411668,-0.494061,0.698655,0.313552
-0.871949,-0.420365,0.163229,-0.413034,-0.496306,0.69482,0.316714
-0.875495,-0.416431,0.156483,-0.414613,-0.498345,0.691191,0.319379
-0.878871,-0.412546,0.149758,-0.416339,-0.500226,0.687716,0.321687
-0.88212,-0.408667,0.143084,-0.418144,-0.501997,0.684337,0.323785
-0.885288,-0.404746,0.13649,-0.419958,-0.503708,0.680997,0.325816
-0.888417,-0.400735,0.130008,-0.421716,-0.505404,0.677637,0.327918
-0.891547,-0.396583,0.12367,-0.423356,-0.507125,0.674204,0.330216
-0.894714,-0.392244,0.117505,-0.424823,-0.508909,0.670649,0.332818
-0.897949,-0.387677,0.111538,-0.426072,-0.510782,0.66693,0.335811
-0.901271,-0.38285,0.105792,-0.427071,-0.512766,0.663015,0.339254
-0.904693,-0.377741,0.100283,-0.427799,-0.514869,0.658882,0.34318
-0.908216,-0.372341,0.095019,-0.428252,-0.51709,0.654523,0.347589
-0.911833,-0.366654,0.0900021,-0.428438,-0.519419,0.64994,0.352453
-0.915525,-0.360699,0.085225,-0.428382,-0.521836,0.645149,0.357712
-0.919265,-0.354507,0.0806721,-0.428121,-0.524314,0.64018,0.363286
-0.923022,-0.34812,0.0763201,-0.427699,-0.526822,0.635071,0.369076
-0.926763,-0.341586,0.0721397,-0.42717,-0.529327,0.629866,0.374977
-0.930456,-0.334952,0.0681005,-0.426582,-0.5318,0.624608,0.380894
-0.934538,-0.3274,0.0635911,-0.42593,-0.53454,0.618646,0.387463
-0.938573,-0.319684,0.0591579,-0.425259,-0.537242,0.612599,0.394016
-0.942156,-0.3126,0.0552904,-0.424634,-0.539618,0.607106,0.3999
-0.945588,-0.305598,0.0516155,-0.424029,-0.541874,0.601728,0.405579
-0.948932,-0.298549,0.04806,-0.423447,-0.544044,0.596378,0.411148
-0.952188,-0.291447,0.0446333,-0.422909,-0.546107,0.591074,0.41659
-0.955351,-0.284283,0.0413474,-0.422442,-0.548038,0.585841,0.421886
-0.958418,-0.277048,0.0382163,-0.422077,-0.549809,0.580708,0.427011
-0.961382,-0.269732,0.0352547,-0.421852,-0.551387,0.57571,0.43194
-0.964239,-0.262326,0.0324772,-0.421802,-0.552736,0.570882,0.436645
-0.966981,-0.254821,0.0298965,-0.421969,-0.553824,0.566263,0.441097
-0.969602,-0.247211,0.0275233,-0.422389,-0.554618,0.561889,0.445271
-0.972095,-0.239488,0.0253644,-0.423098,-0.555089,0.557794,0.449144
-0.974455,-0.231649,0.0234225,-0.424123,-0.555214,0.554006,0.452697
-0.976676,-0.223694,0.0216956,-0.425489,-0.554973,0.550549,0.455917
-0.978755,-0.215623,0.0201765,-0.427211,-0.554356,0.547438,0.458795
-0.980689,-0.207439,0.0188528,-0.429293,-0.553359,0.54468,0.461329
-0.982478,-0.199147,0.0177074,-0.431733,-0.551988,0.542273,0.463526
-0.984122,-0.190758,0.0167189,-0.434516,-0.550255,0.540204,0.465397
-0.985624,-0.182281,0.0158622,-0.437618,-0.548183,0.538452,0.466964
-0.986989,-0.173729,0.0151097,-0.441007,-0.545802,0.536986,0.468251
-0.988223,-0.165119,0.014432,-0.444641,-0.54315,0.535767,0.469293
-0.989336,-0.156467,0.0137997,-0.448471,-0.540274,0.53475,0.470128
-0.990335,-0.147793,0.0131837,-0.452444,-0.537224,0.533885,0.470799
-0.991232,-0.139116,0.0125573,-0.456503,-0.534057,0.533117,0.471355
-0.992039,-0.130456,0.0118962,-0.46059,-0.53083,0.532392,0.471843
-0.992768,-0.121833,0.0111803,-0.464647,-0.527602,0.531655,0.472315
-0.993431,-0.113265,0.0103936,-0.468622,-0.524432,0.530856,0.472817
-0.99404,-0.104768,0.00952493,-0.472465,-0.521372,0.529947,0.473397
-0.994605,-0.0963536,0.00856793,-0.476134,-0.518469,0.528889,0.474092
-0.995136,-0.0880325,0.00752106,-0.479598,-0.515761,0.527648,0.474935
-0.99564,-0.0798093,0.00638719,-0.482833,-0.513276,0.526204,0.47595
-0.996122,-0.071685,0.00517304,-0.485829,-0.511028,0.524545,0.477151
-0.996585,-0.0636563,0.00388842,-0.488587,-0.50902,0.522668,0.478538
-0.997027,-0.0557157,0.00254543,-0.491119,-0.50724,0.520586,0.480103
-0.997446,-0.0478527,0.00115743,-0.493449,-0.505663,0.51832,0.481827
-0.997837,-0.0400542,-0.000261959,-0.49561,-0.504255,0.515899,0.483679
-0.998191,-0.0323059,-0.00169991,-0.497642,-0.502973,0.51336,0.485625
-0.998499,-0.0245936,-0.00314537,-0.499586,-0.501771,0.510744,0.487626
-0.998754,-0.0169048,-0.00458999,-0.501484,-0.500606,0.508089,0.489646
-0.998982,-0.00737918,-0.00645892,-0.503856,-0.499165,0.504778,0.492101
-0.999116,0.00215011,-0.00831559,-0.506218,-0.497712,0.501455,0.494539
-0.999154,0.00994788,-0.00975553,-0.508128,-0.496496,0.498745,0.496539
-0.999127,0.0177291,-0.0111698,-0.510029,-0.495265,0.496044,0.498521
-0.999035,0.0254938,-0.01254,-0.511919,-0.494013,0.493357,0.500489
-0.998879,0.0332421,-0.01384,-0.513792,-0.492732,0.490693,0.502448
-0.998658,0.040974,-0.0150361,-0.515642,-0.491411,0.488062,0.504405
-0.998372,0.0486891,-0.0160887,-0.517462,-0.490038,0.485476,0.506368
-0.998022,0.0563871,-0.0169538,-0.519244,-0.488599,0.482951,0.508346
-0.997608,0.0640673,-0.0175851,-0.520978,-0.487079,0.4805,0.510348
-0.997129,0.071729,-0.0179359,-0.522657,-0.485464,0.47814,0.512384
-0.996585,0.0793714,-0.0179619,-0.524272,-0.483739,0.475883,0.514462
-0.995977,0.0869936,-0.0176228,-0.525814,-0.481891,0.473745,0.516591
-0.995304,0.0945948,-0.0168849,-0.527278,-0.479909,0.471736,0.518778
-0.994565,0.102174,-0.0157223,-0.528658,-0.477786,0.469864,0.521028
-0.993758,0.109731,-0.014119,-0.52995,-0.475514,0.468135,0.523344
-0.992882,0.117265,-0.0120699,-0.531153,-0.473092,0.466551,0.525729
-0.991934,0.124776,-0.00958099,-0.532266,-0.470521,0.46511,0.528181
-0.990912,0.132264,-0.00667045,-0.533294,-0.467807,0.463806,0.530697
-0.989814,0.139728,-0.00336794,-0.534239,-0.464957,0.462629,0.533271
-0.988636,0.14717,0.00028584,-0.535109,-0.461984,0.461567,0.535897
-0.987379,0.154589,0.0042402,-0.535913,-0.458904,0.460602,0.538564
-0.98604,0.161986,0.00843595,-0.53666,-0.455734,0.459715,0.541262
-0.98462,0.169362,0.0128073,-0.537363,-0.452497,0.458885,0.543978
-0.98312,0.176716,0.0172839,-0.538034,-0.449213,0.458089,0.5467
-0.981543,0.18405,0.0217936,-0.538687,-0.445907,0.457304,0.549414
-0.979894,0.191364,0.0262647,-0.539337,-0.442601,0.456505,0.552108
-0.978177,0.198657,0.0306291,-0.539995,-0.439319,0.455672,0.554768
-0.976398,0.205932,0.0348246,-0.540675,-0.436081,0.454783,0.557384
-0.974564,0.213186,0.0387978,-0.541387,-0.432905,0.453821,0.559946
-0.972681,0.220422,0.0425064,-0.542141,-0.429806,0.452772,0.562447
-0.970754,0.227639,0.0459213,-0.542943,-0.426794,0.451627,0.564883
-0.968789,0.234837,0.0490277,-0.543797,-0.423875,0.450381,0.56725
-0.966787,0.242016,0.0518265,-0.544703,-0.421049,0.449033,0.569549
-0.964752,0.249177,0.0543338,-0.545658,-0.418313,0.447589,0.571783
-0.962681,0.25632,0.05658,-0.546658,-0.415655,0.446058,0.573959
-0.960574,0.263443,0.0586077,-0.547693,-0.413063,0.444454,0.576083
-0.958427,0.270547,0.0604681,-0.548755,-0.410519,0.442793,0.578167
-0.956235,0.277631,0.0622157,-0.549831,-0.408006,0.441094,0.580219
-0.953994,0.284695,0.0639018,-0.550911,-0.405506,0.439372,0.582249
-0.951115,0.293515,0.0659396,-0.552277,-0.402377,0.437199,0.584756
-0.948155,0.302294,0.0679624,-0.55363,-0.399246,0.43502,0.587243
-0.945679,0.309416,0.0696519,-0.554707,-0.396684,0.433245,0.589272
-0.943148,0.316499,0.0713494,-0.555767,-0.394119,0.43147,0.591292
-0.940562,0.323534,0.0730716,-0.556801,-0.391556,0.429697,0.59331
-0.937918,0.330505,0.0748421,-0.557796,-0.388996,0.427931,0.595333
-0.935217,0.337391,0.0766914,-0.558735,-0.386444,0.426175,0.59737
-0.932455,0.34417,0.0786558,-0.559598,-0.383905,0.424437,0.599433
-0.929632,0.350813,0.0807758,-0.560363,-0.381384,0.422723,0.601535
-0.926747,0.357295,0.0830946,-0.561008,-0.378888,0.421039,0.603689
-0.923797,0.363585,0.0856557,-0.561507,-0.376422,0.419394,0.605909
-0.920783,0.369656,0.0885014,-0.561839,-0.373992,0.417793,0.608207
-0.917704,0.375481,0.0916702,-0.561983,-0.371603,0.416244,0.610596
-0.914558,0.381039,0.095195,-0.561921,-0.369259,0.414751,0.613086
-0.911346,0.386309,0.0991014,-0.561639,-0.366964,0.413318,0.615684
-0.908068,0.39128,0.103406,-0.561129,-0.36472,0.411947,0.618396
-0.904722,0.395942,0.108115,-0.560386,-0.362528,0.41064,0.621222
-0.901309,0.400294,0.113225,-0.559412,-0.360386,0.409395,0.624161
-0.89783,0.404342,0.11872,-0.558214,-0.358292,0.408209,0.627208
-0.894283,0.408098,0.124575,-0.556806,-0.356242,0.407077,0.630354
-0.890671,0.411582,0.130751,-0.555207,-0.354232,0.405994,0.633588
-0.886994,0.41482,0.137204,-0.553441,-0.352254,0.40495,0.636895
-0.883255,0.417843,0.143878,-0.551537,-0.350301,0.403937,0.640258
-0.879455,0.420691,0.150715,-0.549528,-0.348366,0.402945,0.643658
-0.8756,0.423404,0.157648,-0.547448,-0.346438,0.401963,0.647076
-0.871694,0.426029,0.164614,-0.545333,-0.34451,0.400981,0.650491
-0.867741,0.42861,0.171545,-0.543222,-0.342573,0.399987,0.653884
-0.863747,0.431195,0.178381,-0.541149,-0.340619,0.398973,0.657235
-0.859718,0.433827,0.185065,-0.539148,-0.338639,0.397928,0.660527
-0.85566,0.436544,0.191548,-0.537246,-0.336629,0.396846,0.663748
-0.851579,0.43938,0.197792,-0.535467,-0.334584,0.395721,0.666884
-0.847477,0.442358,0.20377,-0.533828,-0.332499,0.394548,0.669929
-0.843357,0.445494,0.20947,-0.532337,-0.330374,0.393326,0.672879
-0.839222,0.448792,0.214891,-0.530995,-0.328208,0.392054,0.675734
-0.835072,0.452244,0.220049,-0.529796,-0.326004,0.390737,0.6785
-0.830903,0.455833,0.224968,-0.528724,-0.323765,0.389377,0.681184
-0.826714,0.459532,0.229689,-0.527757,-0.321497,0.387982,0.6838
-0.8225,0.463307,0.234257,-0.526869,-0.319206,0.386558,0.686359
-0.818257,0.467119,0.23872,-0.526031,-0.316897,0.385114,0.688879
-0.81398,0.470932,0.243125,-0.525216,-0.314578,0.383657,0.691372
-0.808571,0.475692,0.248591,-0.524211,-0.311659,0.381819,0.694467
-0.803111,0.480387,0.254031,-0.5232,-0.308739,0.379975,0.697539
-0.798615,0.484145,0.258485,-0.522346,-0.306365,0.378461,0.700045
-0.794077,0.487854,0.262935,-0.52147,-0.304004,0.37692,0.702553
-0.789494,0.491506,0.26739,-0.520557,-0.301675,0.375329,0.705082
-0.784857,0.49509,0.271862,-0.519584,-0.299403,0.373651,0.707655
-0.780156,0.498592,0.276369,-0.518522,-0.297218,0.371841,0.710303
-0.775379,0.501994,0.280932,-0.517335,-0.295159,0.369845,0.713064
-0.770514,0.505272,0.285574,-0.515984,-0.293268,0.367604,0.715976
-0.765548,0.508401,0.290325,-0.514427,-0.291587,0.365052,0.719082
-0.760468,0.511351,0.295211,-0.51262,-0.29016,0.362125,0.722422
-0.755263,0.514092,0.300263,-0.510521,-0.289028,0.358758,0.726033
-0.749925,0.516589,0.305507,-0.508088,-0.288226,0.354892,0.729947
-0.744447,0.51881,0.310968,-0.505286,-0.287785,0.350476,0.734188
-0.738828,0.520722,0.316668,-0.502082,-0.287725,0.345467,0.73877
-0.73307,0.522293,0.32262,-0.498451,-0.288058,0.339835,0.743694
-0.727179,0.523494,0.328833,-0.494378,-0.288782,0.333563,0.748953
-0.721169,0.524301,0.335306,-0.489855,-0.289888,0.32665,0.754525
-0.715056,0.524695,0.342032,-0.484884,-0.291352,0.319109,0.760375
-0.708858,0.524664,0.348993,-0.47948,-0.293141,0.310973,0.766462
-0.702783,0.524221,0.355954,-0.473837,-0.295152,0.302542,0.772549
-0.696964,0.523422,0.362746,-0.468124,-0.29728,0.294068,0.778465
-0.69137,0.5223,0.369391,-0.462342,-0.2995,0.285552,0.78422
-0.685958,0.520895,0.37592,-0.456493,-0.301774,0.276995,0.789823
-0.68068,0.519246,0.382373,-0.450578,-0.304066,0.268399,0.795289
-0.675485,0.517386,0.388788,-0.444598,-0.306337,0.259766,0.800632
-0.670324,0.515347,0.395205,-0.438553,-0.30855,0.251096,0.805865
-0.665149,0.513154,0.40166,-0.432445,-0.310671,0.242388,0.811001
-0.659918,0.510829,0.408185,-0.426276,-0.31267,0.233645,0.816049
-0.654591,0.50839,0.41481,-0.420047,-0.314517,0.224866,0.821021
-0.649126,0.505856,0.421564,-0.413763,-0.316183,0.216051,0.825924
-0.64349,0.503234,0.42847,-0.407426,-0.317644,0.207205,0.830766
-0.637661,0.500526,0.435543,-0.401039,-0.318886,0.198329,0.835551
-0.631862,0.497855,0.442503,-0.394873,-0.319847,0.189798,0.840089
-0.626146,0.495258,0.44928,-0.388992,-0.320531,0.181695,0.844353
-0.620502,0.492725,0.455893,-0.38337,-0.320969,0.173979,0.848373
-0.614919,0.490234,0.462364,-0.377965,-0.321199,0.16659,0.852186
-0.609387,0.487747,0.468718,-0.372725,-0.321266,0.159453,0.855827
-0.603902,0.485218,0.47498,-0.367588,-0.321216,0.152485,0.85933
-0.598459,0.482603,0.481173,-0.362497,-0.321091,0.145608,0.862725
-0.592491,0.47961,0.48794,-0.356918,-0.320872,0.138106,0.866359
-0.586645,0.476479,0.494571,-0.351376,-0.320627,0.130689,0.869858
-0.581169,0.473345,0.500792,-0.346087,-0.320387,0.123636,0.873093
-0.575732,0.470084,0.506959,-0.340783,-0.320111,0.116578,0.876245
-0.57032,0.466715,0.513082,-0.335464,-0.319792,0.109497,0.879322
-0.56491,0.463263,0.519172,-0.330129,-0.319418,0.102367,0.882331
-0.559474,0.459758,0.525248,-0.324778,-0.318976,0.0951539,0.885279
-0.55398,0.456233,0.53133,-0.319408,-0.318448,0.0878178,0.888176
-0.54839,0.452721,0.537444,-0.314018,-0.317814,0.0803147,0.891031
-0.542663,0.449257,0.543616,-0.308604,-0.317053,0.0725977,0.893851
-0.536761,0.445869,0.549874,-0.303164,-0.316144,0.0646196,0.896643
-0.530642,0.442581,0.556246,-0.297692,-0.315063,0.0563351,0.899412
-0.524272,0.439411,0.562758,-0.292184,-0.313792,0.0477029,0.902157
-0.517617,0.436367,0.569434,-0.286636,-0.31231,0.0386881,0.904879
-0.510653,0.433446,0.576291,-0.281042,-0.310603,0.0292636,0.907571
-0.503361,0.430635,0.583343,-0.275399,-0.308658,0.0194122,0.910225
-0.495883,0.427969,0.590455,-0.269812,-0.306512,0.00932949,0.912779
-0.488334,0.425453,0.597523,-0.264357,-0.304204,-0.000823992,0.915191
-0.480721,0.42305,0.60455,-0.25902,-0.301746,-0.0110374,0.917462
-0.473049,0.420723,0.611538,-0.253787,-0.299149,-0.0213008,0.919591
-0.465329,0.41843,0.618489,-0.248642,-0.296425,-0.0316039,0.92158
-0.457574,0.416121,0.625402,-0.243565,-0.293591,-0.0419367,0.923429
-0.449797,0.413746,0.632275,-0.238534,-0.290661,-0.0522894,0.92514
-0.442016,0.411252,0.639106,-0.233527,-0.287651,-0.0626527,0.926713
-0.434248,0.408588,0.645891,-0.228522,-0.284577,-0.0730176,0.92815
-0.426513,0.405705,0.652626,-0.223497,-0.281454,-0.0833758,0.929452
-0.418831,0.402556,0.659305,-0.21843,-0.278295,-0.0937188,0.930622
-0.41122,0.3991,0.665921,-0.213302,-0.275112,-0.104039,0.93166
-0.403703,0.395297,0.672469,-0.208095,-0.271919,-0.114328,0.932569
-0.396298,0.391114,0.678939,-0.202793,-0.268726,-0.124578,0.93335
-0.389027,0.38652,0.685322,-0.19738,-0.265542,-0.134783,0.934003
-0.381908,0.381494,0.691609,-0.191845,-0.262374,-0.144935,0.934531
-0.374957,0.376023,0.697789,-0.186182,-0.25923,-0.155028,0.934934
-0.368189,0.370105,0.70385,-0.180388,-0.256112,-0.165059,0.935213
-0.361611,0.363751,0.709782,-0.174465,-0.253019,-0.175026,0.935366
-0.355224,0.356988,0.715579,-0.168426,-0.249947,-0.18493,0.935393
-0.349025,0.349854,0.721232,-0.162284,-0.246889,-0.194774,0.935293
-0.343003,0.342395,0.726739,-0.156061,-0.243833,-0.204566,0.935063
-0.337144,0.33466,0.7321,-0.149776,-0.240768,-0.214311,0.934703
-0.331435,0.326694,0.737314,-0.143448,-0.237681,-0.224016,0.934209
-0.32588,0.318503,0.742376,-0.137081,-0.234575,-0.233681,0.933583
-0.320458,0.310139,0.747294,-0.130696,-0.231433,-0.243313,0.932821
-0.315159,0.301619,0.752073,-0.1243,-0.228249,-0.252913,0.931926
-0.309976,0.292936,0.756728,-0.117892,-0.225013,-0.262474,0.930902
-0.30489,0.284079,0.761286,-0.111467,-0.221709,-0.271986,0.929755
-0.299862,0.275038,0.765797,-0.105026,-0.218303,-0.281438,0.928497
-0.29483,0.265802,0.770334,-0.0985753,-0.214747,-0.290814,0.927143
-0.289734,0.256356,0.774966,-0.0921177,-0.210994,-0.300096,0.925709
-0.284492,0.246674,0.779786,-0.0856599,-0.20698,-0.309259,0.924219
-0.279088,0.236888,0.784825,-0.079317,-0.202699,-0.318121,0.922725
-0.273592,0.227299,0.790033,-0.0733076,-0.198223,-0.326362,0.921315
-0.267931,0.217958,0.795485,-0.0676824,-0.193526,-0.333901,0.920042
-0.262032,0.208915,0.80125,-0.0624875,-0.188583,-0.340668,0.918954
-0.255822,0.20021,0.807389,-0.0577613,-0.183375,-0.346603,0.918098
-0.249233,0.191876,0.81395,-0.0535331,-0.177885,-0.35166,0.917511
-0.242207,0.183939,0.820966,-0.0498212,-0.172105,-0.355812,0.917222
-0.234693,0.176417,0.828451,-0.0466315,-0.166032,-0.359051,0.917246
-0.226656,0.169316,0.836401,-0.0439569,-0.159671,-0.361389,0.91759
-0.218076,0.162636,0.844789,-0.041777,-0.153034,-0.36286,0.918242
-0.208952,0.156362,0.853571,-0.0400583,-0.146141,-0.363517,0.919181
-0.199299,0.150471,0.862684,-0.0387551,-0.139018,-0.363435,0.920373
-0.189155,0.144925,0.872048,-0.0378101,-0.1317,-0.362707,0.921775
-0.178573,0.139675,0.881575,-0.0371571,-0.124225,-0.361443,0.923335
-0.167624,0.134658,0.891164,-0.036722,-0.116638,-0.359766,0.924995
-0.156395,0.129802,0.900715,-0.0364259,-0.108987,-0.357809,0.926697
-0.144982,0.12502,0.910124,-0.0361876,-0.101321,-0.355712,0.928382
-0.133487,0.12022,0.919296,-0.0359265,-0.0936877,-0.353614,0.929994
-0.122016,0.115305,0.928141,-0.0355655,-0.0861351,-0.351649,0.931482
-0.110671,0.110179,0.936583,-0.0350344,-0.078705,-0.349943,0.932801
-0.0995455,0.104749,0.944559,-0.0342722,-0.0714334,-0.348604,0.933915
-0.0887215,0.0989368,0.952023,-0.0332305,-0.0643487,-0.347721,0.934797
-0.0782639,0.0926774,0.958947,-0.0318752,-0.0574695,-0.347356,0.935428
-0.0682173,0.0859284,0.965318,-0.0301885,-0.0508046,-0.347545,0.935799
-0.0586033,0.0786721,0.971146,-0.02817,-0.0443518,-0.34829,0.935913
-0.0494192,0.0709177,0.976453,-0.0258367,-0.0380986,-0.349563,0.935781
-0.0406372,0.0627009,0.981282,-0.0232221,-0.0320232,-0.351307,0.935424
-0.0322072,0.0540813,0.985687,-0.0203738,-0.0260955,-0.35344,0.934871
-0.0240602,0.0451365,0.989731,-0.0173495,-0.0202807,-0.35586,0.934158
-0.0161163,0.0359536,0.993483,-0.0142113,-0.014542,-0.358461,0.933323
-0.00829605,0.0266168,0.997006,-0.0110177,-0.00884545,-0.36114,0.932405
0.000506742,0.0158856,1.00077,-0.00736372,-0.00239472,-0.364226,0.931279
0.00930882,0.00500631,1.00435,-0.00369337,0.00408323,-0.367298,0.930087
0.0172156,-0.00480476,1.0074,-0.000426649,0.0099101,-0.369964,0.928993
0.0250839,-0.0146569,1.01025,0.00282418,0.0157266,-0.372584,0.927861
0.0329186,-0.0245419,1.01287,0.00605582,0.0215344,-0.375143,0.926697
0.0407265,-0.034448,1.01519,0.00926342,0.0273361,-0.377623,0.925509
0.0485166,-0.044359,1.01716,0.0124408,0.0331348,-0.380001,0.924309
0.0562998,-0.0542547,1.0187,0.0155804,0.0389341,-0.382249,0.923107
0.064088,-0.0641104,1.01971,0.0186742,0.0447379,-0.384336,0.92192
0.071894,-0.073898,1.02012,0.0217134,0.0505506,-0.386228,0.920761
0.0797302,-0.0835864,1.01983,0.0246892,0.0563763,-0.387892,0.919648
0.0876084,-0.0931423,1.01875,0.0275933,0.0622192,-0.389297,0.918594
0.0955387,-0.102532,1.01681,0.0304182,0.0680828,-0.390414,0.917615
0.103529,-0.111721,1.01392,0.0331575,0.0739704,-0.391218,0.916721
0.111584,-0.120678,1.01006,0.0358064,0.0798844,-0.39169,0.915923
0.119705,-0.129375,1.00518,0.038362,0.0858264,-0.39182,0.915227
0.12789,-0.137786,0.999268,0.0408232,0.0917968,-0.391601,0.914634
0.136133,-0.145893,0.992343,0.0431913,0.0977951,-0.391038,0.914144
0.144422,-0.153683,0.984438,0.0454696,0.10382,-0.390143,0.913752
0.152746,-0.161151,0.97561,0.0476637,0.109868,-0.388937,0.913447
0.161087,-0.1683,0.965941,0.0497814,0.115937,-0.387447,0.913217
0.169426,-0.175143,0.95553,0.0518323,0.12202,-0.385709,0.913046
0.177744,-0.181698,0.944495,0.0538275,0.128114,-0.383766,0.912915
0.186018,-0.187992,0.932966,0.0557795,0.134212,-0.381664,0.912802
0.194228,-0.194062,0.921083,0.0577018,0.140307,-0.379456,0.912687
0.202355,-0.199946,0.90899,0.0596082,0.146394,-0.377192,0.912547
0.210382,-0.20569,0.89683,0.0615126,0.152466,-0.374927,0.91236
0.218292,-0.211342,0.88474,0.0634283,0.158516,-0.37271,0.912105
0.226075,-0.216949,0.872845,0.0653673,0.164541,-0.370589,0.911766
0.233721,-0.222556,0.861252,0.0673402,0.170535,-0.368604,0.911325
0.241226,-0.228206,0.850047,0.0693555,0.176496,-0.366788,0.910772
0.248586,-0.233932,0.83929,0.0714193,0.18242,-0.365164,0.910098
0.255804,-0.23976,0.829012,0.0735346,0.188307,-0.363743,0.909299
0.262882,-0.245703,0.819213,0.0757018,0.194157,-0.362528,0.908375
0.269827,-0.251763,0.809863,0.0779178,0.199972,-0.361507,0.907333
0.276648,-0.257929,0.800902,0.080177,0.205754,-0.360658,0.90618
0.283353,-0.264178,0.792248,0.0824713,0.211508,-0.359951,0.90493
0.289953,-0.270475,0.7838,0.0847906,0.217236,-0.359348,0.903597
0.296458,-0.276781,0.775453,0.0871244,0.222945,-0.358808,0.902199
0.302875,-0.283055,0.767105,0.0894625,0.228637,-0.358293,0.900749
0.310173,-0.29021,0.757452,0.0921469,0.235177,-0.35771,0.899024
0.317366,-0.297265,0.747661,0.0948246,0.241702,-0.357108,0.897253
0.323689,-0.303449,0.738754,0.0972078,0.247509,-0.356527,0.895644
0.329925,-0.309542,0.729766,0.0995838,0.253294,-0.355915,0.894008
0.33608,-0.315546,0.720721,0.101955,0.259054,-0.355257,0.89235
0.342163,-0.321462,0.711657,0.104326,0.264786,-0.354531,0.890681
0.348188,-0.327294,0.702615,0.106701,0.270483,-0.35371,0.889013
0.354173,-0.333046,0.693648,0.109085,0.276138,-0.35276,0.88736
0.360138,-0.338721,0.684814,0.111486,0.281745,-0.351645,0.885741
0.366109,-0.344324,0.676171,0.113909,0.287296,-0.350326,0.884171
0.372112,-0.349859,0.667781,0.116362,0.292781,-0.348763,0.882668
0.378176,-0.355328,0.659701,0.118851,0.298194,-0.34692,0.88125
0.38433,-0.360735,0.651982,0.121381,0.303528,-0.344761,0.87993
0.390603,-0.366081,0.64467,0.123959,0.308776,-0.342258,0.878721
0.39702,-0.371368,0.637798,0.126587,0.313933,-0.339387,0.877632
0.403604,-0.376594,0.631388,0.129269,0.318996,-0.336134,0.876667
0.410372,-0.381759,0.62545,0.132004,0.323963,-0.332491,0.875827
0.417336,-0.38686,0.619977,0.134793,0.328833,-0.328462,0.875107
0.424501,-0.391893,0.614949,0.137632,0.333608,-0.32406,0.874499
0.431865,-0.396852,0.610332,0.140517,0.338292,-0.319308,0.873989
0.439418,-0.401731,0.606077,0.143443,0.34289,-0.314236,0.873559
0.447143,-0.406524,0.602122,0.146401,0.34741,-0.308887,0.87319
0.455017,-0.411223,0.598398,0.149383,0.351861,-0.303309,0.872859
0.463011,-0.415821,0.594822,0.15238,0.356253,-0.297555,0.872539
0.471089,-0.420309,0.591308,0.155382,0.360598,-0.291685,0.872207
0.479213,-0.424681,0.587767,0.158378,0.364909,-0.28576,0.871836
0.487343,-0.42893,0.584109,0.161359,0.369199,-0.279842,0.871403
0.495439,-0.433049,0.580249,0.164315,0.37348,-0.27399,0.870886
0.50346,-0.437034,0.576107,0.167238,0.377766,-0.268257,0.870266
0.51137,-0.440881,0.571617,0.170121,0.382068,-0.262693,0.869526
0.519138,-0.444587,0.566722,0.172957,0.386394,-0.257334,0.868657
0.526736,-0.44815,0.561386,0.175745,0.390752,-0.252209,0.86765
0.534148,-0.451572,0.555588,0.178481,0.395147,-0.247332,0.866505
0.541365,-0.454854,0.549329,0.181167,0.39958,-0.242704,0.865222
0.548386,-0.457997,0.54263,0.183805,0.404049,-0.238313,0.86381
0.555222,-0.461004,0.53553,0.186398,0.408548,-0.234135,0.862279
0.561892,-0.463881,0.528084,0.188953,0.413071,-0.230132,0.860644
0.568421,-0.46663,0.520359,0.191478,0.417607,-0.226261,0.858922
0.574841,-0.469256,0.512427,0.193978,0.422145,-0.222475,0.85713
0.581181,-0.471761,0.504357,0.196461,0.426674,-0.218728,0.855284
0.588351,-0.474475,0.494979,0.19928,0.431844,-0.214473,0.853112
0.595445,-0.47703,0.485537,0.20208,0.436975,-0.210216,0.850897
0.6018,-0.479211,0.477009,0.204608,0.441559,-0.20633,0.848875
0.608089,-0.481273,0.46844,0.207148,0.446096,-0.2024,0.84683
0.614304,-0.483225,0.459845,0.209729,0.450567,-0.198384,0.844776
0.620434,-0.485079,0.451242,0.212389,0.454942,-0.194221,0.842732
0.626465,-0.486847,0.44266,0.215182,0.45918,-0.189833,0.840722
0.632386,-0.488544,0.434129,0.218166,0.463237,-0.185127,0.838775
0.638187,-0.490182,0.425686,0.221409,0.46706,-0.180002,0.836918
0.643858,-0.491772,0.417367,0.224982,0.470593,-0.174348,0.835182
0.649398,-0.493323,0.409213,0.228953,0.473778,-0.168053,0.833591
0.654805,-0.494841,0.401261,0.233388,0.476557,-0.161011,0.832165
0.660085,-0.496328,0.393546,0.238348,0.478874,-0.153122,0.830918
0.665248,-0.497784,0.386099,0.243878,0.480677,-0.144303,0.82985
0.670305,-0.499203,0.378945,0.250011,0.48192,-0.134485,0.828952
0.67495,-0.500496,0.372545,0.256331,0.482527,-0.124325,0.828255
0.679102,-0.501658,0.367007,0.262643,0.482529,-0.114133,0.827743
0.682798,-0.502721,0.362269,0.268933,0.481975,-0.103935,0.827389
0.686096,-0.503711,0.358237,0.275187,0.480929,-0.0937493,0.827158
0.689064,-0.504643,0.354797,0.281395,0.479468,-0.0835856,0.827007
0.691781,-0.505521,0.351823,0.287551,0.477667,-0.0734439,0.826895
0.694327,-0.506345,0.349192,0.29365,0.475606,-0.0633181,0.826776
0.696778,-0.507106,0.346786,0.299692,0.473356,-0.0531987,0.826612
0.699205,-0.507791,0.344501,0.305677,0.470982,-0.0430753,0.826367
0.701666,-0.508388,0.342249,0.311605,0.468536,-0.0329389,0.826009
0.70421,-0.508883,0.33996,0.317478,0.466063,-0.0227832,0.825514
0.706871,-0.509266,0.337584,0.323299,0.463594,-0.012605,0.824863
0.709672,-0.50953,0.33508,0.329072,0.461153,-0.00240465,0.824041
0.712627,-0.509672,0.332423,0.334799,0.458755,0.00781492,0.823039
0.715743,-0.509689,0.329591,0.340487,0.456411,0.0180488,0.821847
0.719025,-0.509583,0.326568,0.346141,0.454129,0.0282908,0.820459
0.722477,-0.509351,0.323333,0.351766,0.451919,0.0385345,0.818868
0.726106,-0.508991,0.319867,0.357368,0.449791,0.0487736,0.817066
0.729923,-0.508492,0.316145,0.36295,0.447758,0.0590024,0.815045
0.733938,-0.507842,0.312149,0.368512,0.445836,0.0692159,0.812797
0.738163,-0.50702,0.307865,0.374051,0.444035,0.0794101,0.810317
0.742599,-0.506008,0.303299,0.379562,0.44236,0.0895822,0.807605
0.747234,-0.504788,0.29848,0.385036,0.440801,0.0997309,0.804671
0.75204,-0.50335,0.293465,0.390464,0.439334,0.109857,0.801533
0.756975,-0.501697,0.288338,0.395836,0.437914,0.119963,0.798219
0.76202,-0.499825,0.283129,0.401149,0.43653,0.130049,0.794738
0.767113,-0.497757,0.27795,0.406396,0.435118,0.140121,0.791126
0.772196,-0.495521,0.272899,0.411572,0.43362,0.150181,0.787418
0.777226,-0.493146,0.268039,0.416677,0.431998,0.160231,0.783635
0.782185,-0.490654,0.263396,0.421711,0.430234,0.170268,0.779787
0.787074,-0.488055,0.258955,0.426679,0.428335,0.180286,0.775868
0.791917,-0.485343,0.254664,0.431584,0.426328,0.190279,0.771863
0.796752,-0.482501,0.25045,0.436434,0.424256,0.200241,0.767747
0.801621,-0.479501,0.246224,0.441233,0.422166,0.210165,0.763492
0.80657,-0.47631,0.2419,0.445989,0.420109,0.220043,0.759067
0.811633,-0.472895,0.237396,0.450706,0.418129,0.229866,0.754449
0.816837,-0.469229,0.232643,0.455392,0.41626,0.239623,0.749617
0.822193,-0.465293,0.227581,0.460056,0.414526,0.2493,0.744558
0.827709,-0.461076,0.22215,0.46471,0.412946,0.258879,0.739258
0.833396,-0.456561,0.216251,0.469372,0.411552,0.268334,0.733697
0.83929,-0.451693,0.209772,0.47405,0.410403,0.277639,0.727848
0.844964,-0.446809,0.203157,0.478394,0.40962,0.286094,0.72215
0.850268,-0.442058,0.196548,0.482303,0.409243,0.293479,0.716781
0.855215,-0.437458,0.189924,0.485804,0.409271,0.299842,0.711749
0.859823,-0.433014,0.18327,0.48893,0.409689,0.305253,0.707053
0.864118,-0.428723,0.176582,0.491718,0.410467,0.309801,0.702675
0.868129,-0.424573,0.169863,0.494209,0.411567,0.313595,0.69859
0.871889,-0.420541,0.163124,0.496448,0.412938,0.316757,0.694757
0.875439,-0.416597,0.156382,0.498481,0.41452,0.31942,0.69113
0.878818,-0.412703,0.149662,0.500356,0.41625,0.321727,0.687657
0.882071,-0.408816,0.142992,0.502122,0.418058,0.323824,0.68428
0.885241,-0.404888,0.136402,0.503827,0.419876,0.325854,0.680942
0.888372,-0.400869,0.129924,0.505517,0.421637,0.327955,0.677584
0.891505,-0.39671,0.12359,0.507234,0.42328,0.330251,0.674153
0.894675,-0.392364,0.117428,0.509013,0.42475,0.332852,0.670599
0.897911,-0.387791,0.111466,0.510882,0.426002,0.335844,0.666882
0.901235,-0.382959,0.105724,0.512861,0.427003,0.339286,0.662968
0.904659,-0.377844,0.100218,0.51496,0.427733,0.343211,0.658837
0.908185,-0.372439,0.0949572,0.517177,0.428188,0.347619,0.654479
0.911803,-0.366747,0.0899437,0.519502,0.428377,0.352482,0.649898
0.915497,-0.360787,0.0851699,0.521916,0.428323,0.35774,0.645109
0.919239,-0.354591,0.0806202,0.52439,0.428063,0.363312,0.640141
0.922998,-0.3482,0.0762712,0.526894,0.427644,0.369101,0.635033
0.92674,-0.341662,0.0720938,0.529396,0.427116,0.375002,0.629829
0.930434,-0.335024,0.0680574,0.531865,0.42653,0.380918,0.624574
0.934517,-0.327469,0.0635508,0.534602,0.425879,0.387486,0.618613
0.938559,-0.319734,0.0591166,0.537296,0.425218,0.394039,0.612565
0.942178,-0.312532,0.0552257,0.539636,0.424653,0.399931,0.607057
0.945754,-0.305117,0.0514198,0.541842,0.424189,0.405724,0.601548
0.949358,-0.297289,0.047627,0.543918,0.423867,0.411504,0.595948
0.953014,-0.288925,0.0438313,0.545827,0.423747,0.417287,0.59024
0.956736,-0.279914,0.0400288,0.54753,0.423882,0.423075,0.584417
0.960519,-0.270172,0.0362274,0.548986,0.424324,0.428861,0.578483
0.964347,-0.259646,0.0324456,0.550154,0.425115,0.434624,0.572459
0.968189,-0.24832,0.0287098,0.550994,0.426291,0.440335,0.56638
0.972002,-0.236212,0.0250515,0.551474,0.427876,0.445953,0.560289
0.975735,-0.223379,0.0215039,0.551565,0.429882,0.451432,0.554244
0.979333,-0.209912,0.0180993,0.551247,0.43231,0.456721,0.548307
0.982742,-0.19593,0.0148662,0.55051,0.435149,0.461768,0.542544
0.98591,-0.181578,0.0118282,0.549354,0.438377,0.466521,0.537024
0.988794,-0.16702,0.00900234,0.547787,0.441959,0.470932,0.531812
0.991358,-0.15243,0.00639968,0.545831,0.445854,0.474959,0.52697
0.993582,-0.13799,0.00402524,0.543514,0.450009,0.478568,0.522549
0.995456,-0.123876,0.00187922,0.540877,0.454365,0.481734,0.518592
0.996982,-0.110257,-4.17958e-05,0.537966,0.458856,0.484443,0.515129
0.998177,-0.0972895,-0.0017436,0.534838,0.463415,0.486693,0.512177
0.999065,-0.0851067,-0.00323324,0.531551,0.467971,0.488493,0.509737
0.999679,-0.0738201,-0.0045182,0.52817,0.472452,0.489864,0.507797
1.00006,-0.0635142,-0.00560601,0.524762,0.476792,0.490838,0.506332
1.00024,-0.054245,-0.00650428,0.521392,0.480926,0.491456,0.505304
1.00027,-0.0460396,-0.00722102,0.518124,0.484797,0.491768,0.504662
1.00019,-0.0388968,-0.00776525,0.515019,0.488355,0.49183,0.504349
1.00003,-0.0327886,-0.00814766,0.51213,0.491561,0.491701,0.504302
0.999823,-0.0276631,-0.00838116,0.509503,0.494384,0.491444,0.504453
0.999603,-0.0234476,-0.00848123,0.507174,0.496809,0.491117,0.504737
0.999389,-0.020053,-0.00846584,0.505165,0.49883,0.490776,0.50509
0.999197,-0.0173781,-0.00835501,0.50349,0.500455,0.490467,0.505454
0.999039,-0.0153147,-0.00816997,0.502146,0.501705,0.490231,0.505781
0.99892,-0.0137527,-0.00793193,0.501118,0.502609,0.490094,0.506036
0.998842,-0.0125849,-0.00766079,0.500379,0.50321,0.49007,0.506194
0.998803,-0.0117115,-0.00737382,0.499889,0.503557,0.49016,0.506246
0.998797,-0.0110449,-0.00708454,0.499601,0.503703,0.490353,0.506197
0.998818,-0.0105126,-0.00680208,0.499463,0.503706,0.490628,0.506064
0.998855,-0.0100594,-0.00653112,0.499422,0.503621,0.490955,0.505872
0.9989,-0.00964859,-0.00627258,0.49943,0.503492,0.491305,0.505652
